종목_list,2017_roa,2018_roa,2019_roa,2020_roa,2021_roa
AJ네트웍스,0.9,1.5,1.9,-0.2,5.2
SK렌터카,0.8,0.3,1.2,0.9,0.8
AK홀딩스,6.5,6.5,1.5,-6.2,-4.6
BGF,252.0,3.8,1.1,1.1,2.0
BGF리테일, ,11.2,8.3,5.4,5.9
BNK금융지주,719,"1,927","2,753","2,754",476
BYC,0.8,1.2,3.9,2.7,4.4
CJ,4.0,2.9,0.9,0.5,2.0
CJ CGV,0.4,-8.0,-7.1,-16.9,-8.3
CJ대한통운,0.9,0.9,0.6,1.5,1.7
CJ씨푸드,3.8,1.8,1.4,1.6,1.6
CJ제일제당,2.5,5.1,0.8,3.0,3.4
LG헬로비전,1.6,2.1,-5.1,-19.2,1.8
CS홀딩스,4.8,4.2,5.4,3.7,6.2
DB,-0.5,-1.6,1.4,1.5,4.0
DB금융투자,17.4,12.5,12.0,15.2,8.3
DB손해보험,537,"2,179","2,702","2,487","1,326"
DB하이텍,11.1,8.4,9.7,14.6,23.2
DGB금융지주,582,"1,235","1,553","1,386",856
DRB동일,2.8,1.6,1.8,0.8,-0.4
DSR,5.2,3.5,3.8,3.6,4.5
DSR제강,2.6,3.7,3.3,2.6,3.4
E1,2.5,2.3,-1.5,1.5,3.6
F&F홀딩스,21.2,24.4,18.6,11.4,108.2
GKL,11.0,10.4,8.6,-8.0,-18.3
GS,5.2,4.6,2.8,-0.8,5.8
GS건설,-1.2,4.6,3.6,2.5,3.0
GS글로벌,1.7,1.5,-1.3,-7.6,1.8
GS리테일,2.4,2.6,2.4,2.2,9.6
IHQ,1.0,-4.1,-33.4,-11.7,-5.3
JB금융지주,654,"1,323","1,460","1,340",942
JW생명과학,8.6,7.9,10.9,8.3,6.0
JW중외제약,-0.1,1.3,-4.3,-2.7,-0.2
JW홀딩스,4.5,2.8,-2.7,0.3,0.4
KB금융,"5,907","12,700","12,043","12,981","6,371"
KCC,0.5,-0.3,-2.4,5.2,-0.4
KCTC,2.5,2.0,2.1,3.2,4.4
KC그린홀딩스,1.9,3.2,1.9,-9.9,1.2
KC코트렐,4.1,1.1,0.2,-20.8,3.6
KEC,0.4,0.5,-5.8,-12.8,2.7
컨버즈,-25.5,-32.3,-35.2,-21.3,-4.9
KG케미칼,0.7,1.9,7.8,3.7,6.1
KISCO홀딩스,-0.5,2.4,4.1,2.3,11.0
그린케미칼,1.3,1.3,3.0,5.7,8.2
KPX케미칼,5.0,2.2,8.0,11.0,7.0
KPX홀딩스,4.3,1.0,5.3,12.3,4.7
KR모터스,-24.5,-18.6,-27.5,-7.7,-7.4
KSS해운,3.3,2.3,2.5,1.3,4.5
KT,1.9,2.5,2.0,2.1,4.1
KT&G,12.3,8.9,9.9,10.6,8.4
다올투자증권,26.6,21.7,19.8,9.7,23.2
KTcs,2.2,3.3,2.1,3.0,4.8
LF,4.4,5.0,3.4,1.2,5.4
LG,11.8,8.5,4.9,6.6,10.8
LG디스플레이,7.2,-0.6,-8.4,-0.2,3.6
LX인터내셔널,1.7,-0.7,-0.3,7.0,8.9
LG생활건강,13.3,13.8,13.4,12.2,12.0
LG유플러스,4.6,3.7,2.8,2.6,3.8
LG이노텍,3.4,2.8,1.8,4.0,12.9
LG전자,4.7,3.4,0.4,4.4,2.8
LX하우시스,2.8,-2.1,0.5,-3.2,0.5
LG화학,8.9,5.6,1.2,1.8,8.6
LIG넥스원,-0.5,0.2,0.1,2.4,4.1
LS,3.7,4.8,0.9,1.7,2.9
LS네트웍스,1.6,1.3,-5.7,-2.1,4.7
LS ELECTRIC,4.7,5.7,4.2,3.4,3.2
LS전선아시아,5.1,3.4,4.8,2.1,3.5
MH에탄올,1.5,-2.6,-1.7,0.8,1.9
NAVER,10.7,7.0,3.6,5.8,65.0
NHN,0.4,4.5,0.9,1.1,4.7
NH투자증권,3.8,9.5,18.8,11.7,10.5
NICE,5.9,5.1,3.3,2.0,3.5
NI스틸,4.8,4.1,2.6,4.4,7.0
NPC,3.0,3.1,3.6,4.6,5.8
OCI,3.8,1.8,-15.4,-5.4,12.9
POSCO홀딩스,3.8,2.4,2.5,2.3,8.4
SNT에너지,1.4,0.6,5.0,2.9,3.8
SNT모티브,4.8,4.7,0.3,5.1,7.1
SNT중공업,-3.6,2.4,2.0,1.0,6.9
SNT홀딩스,1.2,3.5,5.7,3.5,6.5
S-Oil,8.6,1.7,0.4,-5.0,8.0
SBS,1.6,0.6,1.9,-4.8,11.0
SBS미디어홀딩스,0.1,1.7,-13.5,-9.6,9.9
SG세계물산,-2.1,2.0,3.1,-3.7,16.3
SG글로벌,0.2,1.6,0.4,-1.1,-2.9
SH에너지화학,7.9,1.6,-2.5,-5.8,0.5
SIMPAC,3.2,13.0,1.4,4.8,11.1
SJM,2.8,1.8,3.6,1.9,3.2
SJM홀딩스,6.8,2.1,3.1,1.6,2.8
SK,4.8,5.4,1.3,-0.1,3.8
SKC,3.8,3.8,1.7,1.6,5.9
SK가스,3.6,1.4,3.9,6.2,5.2
SK네트웍스,0.4,0.1,-1.4,0.4,1.1
SK디앤디,6.6,4.3,3.1,4.3,7.2
SK이노베이션,6.4,4.9,0.2,-5.5,1.1
SK증권,2.7,5.7,6.8,6.3,0.6
SK디스커버리,13.8,2.0,5.1,6.7,4.4
SK텔레콤,8.2,8.3,2.0,3.2,6.1
SK하이닉스,27.4,28.5,3.1,7.0,11.5
SPC삼립,5.4,5.7,2.1,-1.0,3.4
STX,50.1,1.5,-6.0,-1.6,-3.5
STX엔진,-0.8,3.3,2.4,2.5,0.1
STX중공업,92.3,-16.4,-7.1,0.2,-1.7
TBH글로벌,0.3,-14.1,-35.0,-19.6,-15.3
TCC스틸,0.5,3.3,1.6,-0.5,8.5
WISCOM,0.1,0.8,0.8,-0.8,0.9
YG PLUS,-7.7,-1.0,-2.8,-4.9,12.1
가온전선,0.3,0.0,1.1,1.8,1.0
강남제비스코,4.1,6.3,2.6,3.6,5.9
강원랜드,10.7,7.1,7.7,-6.8,-0.3
갤럭시아에스엠,-11.3,-38.1,-4.5,3.5,10.6
경농,3.1,1.4,1.1,3.6,4.2
경동나비엔,5.8,4.6,4.7,6.2,9.7
경동도시가스, ,4.6,3.2,2.6,2.8
경동인베스트,6.0,5.1,1.5,2.8,2.4
경방,2.0,1.6,3.3,1.0,1.8
경보제약,8.8,6.2,2.3,3.8,-3.1
경인양행,1.4,3.6,3.7,-1.6,5.0
경인전자,-4.8,-1.2,0.4,2.4,6.0
계룡건설,3.7,5.7,4.0,4.7,7.1
계양전기,3.7,3.6,0.1,3.3,-2.1
고려개발,-4.9,0.9,0.1,5.7,5.5
고려산업,2.9,1.9,2.3,3.2,2.0
고려아연,9.4,7.5,8.5,7.0,8.8
고려제강,0.9,0.1,-0.2,0.1,5.7
상상인증권,-15.3,22.9,47.7,6.3,24.2
광동제약,3.3,3.0,3.0,5.6,3.0
광명전기,-1.4,1.8,4.6,2.8,3.5
광전자,1.2,2.5,1.3,-6.5,4.3
광주신세계,7.3,6.7,6.6,5.6,6.4
광주은행,417,431,65,451,456
교보증권,8.7,8.3,15.7,7.6,3.5
국도화학,5.7,5.7,4.0,3.4,13.4
국동,-7.8,2.6,-3.1,6.8,-4.6
국보,-3.7,-6.6,-8.2,-19.9,-18.3
국제약품,0.8,1.7,-3.7,1.6,-1.1
극동유화,6.6,5.9,5.0,2.5,3.6
금강공업,3.6,1.9,-0.6,0.3,2.7
금비,4.1,4.1,-1.2,1.5,-1.4
금양,9.9,10.1,-5.1,-1.8,5.0
금호건설,7.5,0.0,0.9,2.0,9.5
금호석유,4.8,10.9,6.4,12.2,29.9
금호에이치티,3.2,4.0,0.0,-3.0,-4.4
금호전기,-4.6,-7.2,-27.3,-34.6,-13.0
금호타이어,-2.3,-4.4,-1.1,-2.1,-1.8
기신정기,4.1,6.2,3.5,3.8,3.6
기아,1.9,2.2,3.4,2.6,7.5
기업은행,"3,579","5,891","6,192","6,079","5,962"
까뮤이앤씨,6.0,1.2,8.7,5.5,-1.7
깨끗한나라,-4.1,-5.7,-2.1,7.0,1.4
에이프로젠 MED,1.4,-9.7,3.5,-4.4,-1.5
남광토건,1.0,3.6,2.2,6.8,9.1
남선알미늄,7.7,8.6,4.8,3.6,12.8
남성,0.7,-1.8,-1.1,-4.6,2.7
남양유업,0.5,0.2,2.8,-5.1,-6.1
비비안,-1.1,-4.0,-1.8,-32.4,-1.7
남해화학,4.9,1.5,2.8,4.3,3.3
넥센,8.0,3.6,3.3,0.0,0.7
넥센타이어,4.6,3.4,3.6,-0.5,0.1
넷마블,9.9,4.0,3.0,4.8,2.6
노루페인트,5.1,2.1,3.1,2.8,2.2
노루홀딩스,6.3,0.3,2.0,2.8,1.0
녹십자,3.5,2.0,-0.6,4.3,5.9
녹십자홀딩스,2.9,0.8,-1.1,6.0,3.8
농심,3.7,3.4,2.7,5.5,3.5
농심홀딩스,3.5,4.0,3.0,5.6,3.8
다우기술,2.1,1.4,1.8,2.1,2.2
키다리스튜디오,-10.3,0.7,7.5,0.2,2.1
큐로,-3.2,-8.1,1.5,0.7,-7.2
대교,4.9,2.3,2.0,-2.1,-5.1
대구백화점,-2.2,-4.2,-2.8,-3.0,-1.2
대덕GDS,4.0,3.9,1.9,6.2,2.8
대덕,6.1,30.4,5.5,10.4,3.3
대동,1.4,0.2,0.3,2.4,3.2
대동전자,0.4,2.1,2.6,1.7,5.1
대림B&Co,2.2,1.3,0.7,-0.6,0.3
DL,3.9,5.2,5.4,4.2,7.9
삼일씨엔에스,1.2,-2.1,0.8,-0.3,-0.9
대림통상,-1.9,-0.6,-6.2,-7.6,0.2
대상,2.3,2.9,4.8,5.2,5.4
대상홀딩스,2.2,1.7,5.0,5.5,4.3
대성산업,20.1,-0.6,-5.9,4.5,-2.8
대성에너지,2.3,2.0,1.9,2.0,1.7
대성홀딩스,2.9,2.1,1.6,4.1,2.0
대신증권,22.5,11.1,48.7,16.8,11.1
대양금속,10.1,5.9,3.8,-0.6,11.1
대영포장,-1.4,5.0,5.0,1.6,4.4
대우건설,2.8,3.4,2.2,3.0,4.9
대우부품,4.7,1.7,-3.3,-4.3,0.0
대우조선해양,4.9,2.7,-0.4,0.8,-16.2
대웅,5.7,2.1,4.3,6.8,5.3
대웅제약,3.0,-1.3,2.4,1.9,2.2
대원강업,2.1,2.1,2.0,-0.3,-0.3
대원전선,0.7,0.6,-0.4,1.2,0.6
대원제약,4.7,9.3,8.9,5.2,1.7
대원화성,1.2,0.9,4.6,-1.7,-5.3
대유에이텍,0.4,-4.5,1.8,1.9,-0.2
대유플러스,-0.4,1.9,2.0,-0.7,0.4
대창,2.5,2.2,0.8,1.2,3.7
대창단조,6.1,5.6,6.7,6.1,10.3
대한방직,-2.6,4.0,-6.9,1.3,0.7
대한유화,11.5,13.0,5.3,6.1,6.5
대한전선,-3.4,-0.5,-1.1,0.2,2.2
대한제강,4.2,-2.5,4.6,6.7,15.0
대한제당,0.9,0.9,1.3,2.0,1.7
대한제분,5.9,5.7,1.8,2.0,7.3
대한항공,3.3,-0.6,-2.4,-0.9,2.2
대한해운,4.3,2.8,3.2,0.8,8.5
대한화섬,3.9,7.8,3.8,2.4,3.0
대현,5.0,5.9,6.4,3.5,7.2
대호에이엘,5.6,0.9,-4.1,0.7,-2.5
더존비즈온,15.5,15.4,10.2,7.6,6.4
덕성,0.5,-2.0,0.2,3.5,5.1
덕양산업,0.3,-0.5,-3.2,-1.8,0.3
덴티움,12.2,9.2,2.8,4.2,10.3
도레이케미칼,5.0,-7.6,7.1,4.7,7.5
도화엔지니어링,3.7,3.9,4.4,4.2,3.2
케이비아이동국실업,-7.0,-1.8,0.1,-2.0,-4.2
동국제강,0.1,-5.2,-1.5,1.3,9.5
동남합성,1.8,6.4,19.2,11.3,13.6
동방,-1.7,2.9,-1.5,2.3,-0.1
동방아그로,3.4,3.4,3.4,3.5,3.5
동부건설,14.7,11.0,7.5,4.8,10.5
KG스틸,-10.0,-2.6,-1.4,2.9,7.6
동서,9.3,8.5,9.7,8.0,7.4
동성제약,-0.2,-4.4,-6.2,-10.9,-3.8
동성케미컬,-0.7,-0.6,3.0,4.5,5.2
동성화학,8.6,2.6,2.9,7.3,15.0
동아쏘시오홀딩스,2.3,-12.1,1.5,11.3,3.8
다스코,9.7,8.3,0.9,-3.4,-0.2
동아에스티,-0.6,0.9,7.3,2.7,1.2
동아지질,6.2,6.9,6.3,0.6,1.4
동아타이어, ,4.5,6.6,3.4,4.1
동양,1.6,0.3,-0.2,-2.9,1.1
동양고속,-0.8,0.7,17.1,-9.3,-14.2
비케이탑스,-20.5,-8.0,-27.4,-58.8,-32.4
TYM,-4.1,-4.1,0.9,1.0,5.8
동양생명,0, , , ,0
동양철관,-19.7,-4.2,1.1,4.4,-2.2
동양피스톤,3.2,3.8,3.0,-2.0,2.2
넥스트사이언스,-1.1,-10.1,-15.8,-22.7,-8.9
동원F&B,4.2,4.1,4.4,4.8,3.8
동원금속,-2.4,-3.5,3.4,-5.7,3.5
동원산업,7.5,2.8,1.8,8.0,5.6
동원수산,5.1,1.4,6.0,-3.4,7.4
동원시스템즈,6.8,5.5,4.1,5.1,3.5
동일고무벨트,0.4,3.7,2.9,2.6,2.1
DI동일,-0.4,1.5,1.5,2.7,4.9
동일산업,6.1,3.9,0.9,2.0,9.8
동일제강,0.9,0.1,0.8,0.2,5.0
동화약품,13.6,2.7,2.4,7.1,4.4
두산,0.2,-1.2,1.5,-3.3,2.3
두산건설,-11.1,-9.8,-6.3,-21.0,-1.3
두산밥캣,4.4,4.2,4.1,3.6,5.0
HSD엔진,-0.8,-1.9,-5.3,0.8,-5.2
현대두산인프라코어,2.9,3.7,3.5,2.4,6.8
두산중공업,-0.4,-1.7,-0.4,-3.3,2.6
두올,5.1,4.4,3.7,1.5,3.8
디씨엠,7.4,4.0,11.9,9.2,19.7
디아이,10.2,7.1,0.2,2.6,6.3
디아이씨,0.1,-0.9,-7.0,-17.2,4.8
디와이,5.6,3.1,4.3,0.4,1.4
디와이파워,12.6,9.9,7.3,9.2,9.9
디티알오토모티브,5.7,7.1,7.7,5.2,7.0
스틱인베스트먼트,3.9,6.1,5.4,8.5,19.7
락앤락,4.7,4.2,2.1,1.5,2.0
롯데관광개발,0.9,-24.9,-2.7,-9.3,-16.1
롯데손해보험,-950,628,140,285,146
롯데쇼핑,-0.1,-1.7,-2.7,-2.1,-0.8
롯데정밀화학,5.6,12.9,9.6,10.8,25.5
롯데제과, ,0.4,1.6,1.6,1.4
롯데지주,3.8,0.5,-1.9,-1.5,0.8
롯데칠성,3.0,-1.5,-4.4,-0.5,3.9
롯데케미칼,12.9,8.1,3.7,0.9,6.8
롯데푸드,7.4,3.5,3.0,5.4,-0.1
롯데하이마트,4.8,2.7,-3.2,0.9,-1.8
마니커,-4.5,-5.1,-9.3,-18.8,-25.8
만도,0.4,2.5,2.6,0.3,3.4
만호제강,1.1,0.4,0.7,0.9,1.9
맥쿼리인프라, , , , , 
쎌마테라퓨틱스,-48.0,-56.7,-145.0,-80.9,-36.0
메리츠금융지주,"1,230","1,787","1,864","2,234","2,008"
메리츠증권,10.8,5.9,4.9,3.9,2.5
메리츠화재,"1,110","1,315","1,640","1,708","1,936"
명문제약,3.6,0.1,-8.2,-10.9,-2.9
모나리자,5.1,-2.3,3.1,9.4,3.5
모나미,1.7,0.5,0.7,0.0,7.9
모토닉,2.9,2.0,2.6,3.4,2.7
무림P&P,3.3,5.7,0.8,-0.5,1.4
무림페이퍼,2.1,3.1,-0.3,-1.7,0.0
무학,8.1,-3.1,3.8,2.2,-2.6
문배철강,7.4,3.2,1.4,4.5,12.8
미래산업,-16.2,-17.4,-8.6,-7.9,7.0
미래아이앤지,-4.9,-17.0,21.3,23.9,-18.8
미래에셋증권,8.3,8.8,16.5,11.7,10.0
미래에셋생명,-198,1,320,204,265
미원상사,9.7,9.0,11.8,17.0,16.5
미원에스씨, ,14.5,13.5,10.9,20.9
미원홀딩스,6.1,5.1,6.1,7.3,10.6
미원화학,14.0,7.6,12.5,11.3,8.8
미창석유,4.5,3.8,6.1,6.5,10.1
방림,1.2,2.4,2.2,3.0,-0.3
백광산업,2.3,7.7,5.1,3.1,4.4
태경비케이,2.5,2.0,3.3,3.1,4.9
백산,4.6,6.1,2.0,-5.3,6.2
범양건영,0.9,4.5,15.4,7.4,2.4
베트남개발1, , , , , 
벽산,2.9,1.8,-0.4,0.3,-0.3
보락,2.4,2.1,1.2,0.7,3.1
보령제약,14.1,4.8,6.7,4.7,5.8
보해양조,5.1,-13.3,-11.1,1.1,-0.6
부광약품,4.7,39.9,-1.7,-2.6,-0.7
부국증권,10.4,13.4,16.4,19.3,5.6
부국철강,1.9,1.6,1.5,0.6,6.2
부산가스,5.2,5.2,4.9,15.6,3.6
부산산업,3.9,2.8,5.2,3.1,-2.5
부산주공,-3.5,-7.1,-7.4,-5.1,-4.8
비상교육,7.3,0.9,4.1,-5.4,2.3
빙그레,4.7,5.3,6.1,4.8,-2.5
사조대림,6.3,2.1,9.7,3.3,5.9
사조동아원,6.1,3.3,0.2,2.1,0.5
사조산업,5.2,3.7,-1.3,1.1,5.0
사조씨푸드,5.7,3.4,-1.6,2.4,3.0
사조오양,8.1,2.6,4.3,5.9,5.0
사조해표,6.4,0.3,3.8,2.0,1.0
SGC에너지,0.5,-1.5,0.1,1.9,3.7
삼부토건,-9.9,-12.8,1.8,-4.7,1.5
삼성SDI,4.2,4.3,2.1,3.1,5.3
삼성공조,4.3,2.4,1.9,2.1,-1.0
삼성물산,1.0,3.8,2.4,2.3,3.3
삼성바이오로직스,-1.3,3.4,3.4,3.9,5.5
삼성생명,"2,707","10,881",766,"1,292","1,756"
삼성에스디에스,7.7,8.4,8.8,5.0,6.4
삼성엔지니어링,-1.4,1.3,7.1,5.4,6.5
삼성전기,2.3,8.4,6.1,7.0,9.6
삼성전자,15.0,13.8,6.3,7.2,9.9
삼성제약,-8.4,-1.3,4.2,-23.0,-24.9
삼성중공업,-2.2,-2.8,-9.4,-11.3,-11.6
삼성증권,6.0,12.1,18.4,14.2,9.5
삼성출판사,3.3,0.2,3.1,20.0,1.9
삼성카드,0.8,2.3,2.4,2.2,1.9
삼성화재,"1,031","4,376","3,289","3,000",557
삼아알미늄,0.1,1.4,2.4,1.7,5.6
삼양사,2.3,2.8,2.3,3.1,2.1
삼양식품,8.0,8.7,13.6,13.2,8.7
삼양통상,8.3,7.9,12.6,12.6,7.5
삼양패키징,5.7,4.1,5.1,5.7,5.2
삼양홀딩스,2.1,3.1,1.8,3.8,6.6
삼영무역,8.2,7.7,7.2,6.6,8.1
삼영전자,2.1,3.0,1.7,2.3,3.2
삼영화학,-23.6,-7.2,-1.8,1.1,3.2
삼원강재,4.6,4.8,4.2,3.2,3.3
삼익THK,9.9,5.5,0.9,1.1,3.1
삼익악기,-1.1,2.3,2.2,1.6,3.9
삼일제약,-1.1,-6.0,0.5,0.7,-2.6
삼정펄프,5.0,-0.1,2.3,12.2,3.2
삼진제약,15.3,10.1,4.8,10.9,9.4
삼천리,0.1,0.7,1.0,0.7,1.8
DL건설,8.6,8.2,11.5,12.7,11.1
삼호개발,8.5,7.7,7.5,6.1,4.6
삼화왕관,5.1,5.8,4.1,0.6,0.6
삼화전기,7.7,5.4,2.8,4.4,10.5
삼화전자,-19.7,-6.8,-5.2,-4.0,-6.8
삼화콘덴서,12.0,34.6,13.7,10.4,11.4
삼화페인트,0.4,0.2,0.7,1.1,-0.4
상신브레이크,6.4,2.4,1.3,-0.5,2.2
새론오토모티브,5.0,2.8,-3.2,2.4,5.4
샘표,6.0,6.7,7.5,9.8,5.6
샘표식품,5.9,9.0,12.4,14.6,8.0
서연,-0.8,-1.6,-3.9,-1.2,2.1
서연이화,1.7,-0.5,-2.8,-2.3,1.7
서울가스,2.4,2.9,2.0,8.0,0.5
서울식품,0.3,0.8,-2.6,-3.3,-7.9
서원,0.9,3.3,1.4,-2.5,4.8
서흥,4.5,4.8,5.5,8.0,7.5
선도전기,1.1,-0.5,-1.4,1.5,-5.8
선진,9.0,2.3,2.1,8.1,3.6
SUN&L,-1.6,-1.5,-6.8,-2.0,-6.5
성문전자,-6.1,0.5,-4.3,-2.3,6.3
성보화학,4.9,3.3,-1.6,-3.6,0.8
성신양회,1.2,1.6,1.7,1.0,0.6
성안,-3.2,-7.0,-5.4,-17.3,10.6
성지건설,0.3,-5.6,-12.1,-9.1,-2.6
성창기업지주,0.6,-1.2,-1.6,0.7,0.8
세기상사,0.2,-0.8,-2.2,-3.8,-4.5
세방,3.3,4.5,0.6,2.9,4.4
세방전지,6.0,8.0,5.6,4.4,5.3
세아베스틸,3.9,0.7,0.5,-7.2,5.4
세아제강지주,1.3,13.3,0.6,1.4,8.7
세아특수강,4.5,2.2,2.1,-0.8,4.5
세아홀딩스,4.1,1.2,0.9,-5.0,2.5
세우글로벌,1.1,1.3,0.2,6.7,4.4
세원이앤씨,-2.1,-5.0,-1.7,-7.8,-0.8
세원정공,-2.2,-2.9,0.8,4.0,-0.7
세이브존I&C,4.8,4.4,3.9,1.7,1.3
세종공업,-0.8,-2.2,0.2,-2.0,-0.9
세진중공업,0.5,0.5,0.8,0.8,2.8
세하,-1.4,3.0,6.1,7.0,5.3
다이나믹디자인,-12.6,-21.2,-3.3,-24.9,-19.4
송원산업,4.1,4.4,4.0,3.2,7.1
수산중공업,2.6,4.2,0.1,1.9,4.8
한국수출포장,-1.8,5.8,5.9,2.7,5.0
스카이라이프,7.3,6.5,6.7,6.6,5.7
신대양제지,5.0,13.4,9.5,5.8,7.3
신도리코,3.4,3.7,1.5,-1.4,9.8
신라교역,4.9,7.1,1.7,1.2,6.8
신성이엔지,-5.7,2.0,0.5,-3.3,-3.5
신성통상,0.4,0.4,0.0,3.3,10.2
신세계,2.1,2.7,4.9,-0.5,2.9
신세계 I&C,4.4,11.0,3.6,24.3,12.2
신세계건설,4.1,6.0,2.3,1.6,3.3
신세계인터내셔날,2.5,6.0,7.0,4.5,7.2
신세계푸드,3.6,1.4,0.6,-2.7,0.3
신송홀딩스,-3.3,-6.0,-17.0,1.5,3.6
신영와코루,2.7,1.3,0.8,0.8,1.7
신영증권,10.3,9.7,9.6,3.0,2.7
신원,-2.3,-1.5,0.1,-2.3,2.3
신일전자,11.4,12.4,4.3,7.6,6.9
신풍제약,0.2,0.7,1.4,1.2,-2.6
신풍제지,0.5,5.4,11.1,22.4,-10.0
신한,-9.9,-1.8,-3.6,-9.3,-3.9
신한지주,"4,644","11,919","12,518","11,157","4,598"
SHD,3.0,3.4,1.5,0.8,8.6
신흥,2.4,2.3,0.5,8.7,9.5
쌍방울,33.9,-19.0,-10.1,-4.7,-5.0
쌍용C&E,9.0,4.2,3.9,4.1,5.4
쌍용차,-3.0,-2.8,-16.2,-26.6,-14.2
써니전자,2.5,8.0,1.1,9.2,6.3
씨아이테크,-28.7,-7.5,-8.8,-7.0,-8.1
씨에스윈드,10.1,1.4,5.2,4.2,4.9
아남전자,-1.2,-10.0,0.3,3.1,5.7
아모레G,6.8,5.1,3.6,0.3,3.7
아모레퍼시픽,7.5,6.2,3.9,0.4,3.1
메타랩스,-60.2,-17.9,-24.7,-22.1,-18.1
아세아,4.2,4.3,3.3,2.9,6.7
아세아시멘트,6.3,1.2,1.5,1.3,5.0
아세아제지,0.7,10.0,7.4,6.3,9.8
아시아나항공,3.1,-2.3,-7.5,-3.7,-3.8
아이마켓코리아,1.3,1.9,2.4,2.6,4.0
아이에스동서,9.0,11.0,2.9,4.4,3.1
오렌지라이프,814,462,804,668,644
HDC랩스,9.2,8.6,-2.2,6.9,2.9
우리금융캐피탈,1.4,1.8,1.3,-1.4,1.6
인바이오젠,-9.4,8.8,22.8,-48.0,50.7
알루코,2.8,0.5,-0.9,-4.3,0.3
알보젠코리아,-4.9,3.9,2.5,3.5,3.6
폴루스바이오팜,-5.2,-22.2,-8.4,-2.9,-0.5
애경케미칼,15.0,11.0,6.1,8.7,8.7
에넥스,1.3,0.7,-2.6,-7.3,8.2
에스엘,6.2,1.5,4.4,2.8,3.9
에스원,9.4,6.3,8.4,7.7,6.7
에쓰씨엔지니어링,-3.7,-3.2,-1.2,-0.5,-8.6
에이블씨엔씨,2.7,-3.1,-2.4,-28.4,-20.4
에이엔피,-8.8,-6.2,-5.7,-20.9,-12.9
에이프로젠제약,-11.8,-0.7,-1.2,3.9,1.5
엔씨소프트,15.1,13.0,11.4,15.8,9.1
엔에스쇼핑,7.0,4.4,-0.9,0.6,-3.1
엔케이,-2.7,-13.1,-15.1,0.0,8.2
플레이그램,-11.3,-26.0,-7.5,6.5,-18.2
영보화학,16.4,3.2,2.7,1.5,2.0
영원무역,4.1,4.5,6.1,5.9,10.2
영원무역홀딩스,4.2,5.1,6.5,6.2,11.1
영진약품,0.9,-3.1,2.5,-0.1,-6.1
영풍,6.1,1.0,4.3,1.7,3.2
영풍제지,3.1,10.7,6.7,5.0,3.1
영화금속,2.9,0.5,0.1,-4.5,-9.1
영흥,-1.4,-1.8,0.4,-7.0,2.3
예스코홀딩스,2.0,-2.5,1.5,-5.0,1.8
오뚜기,8.0,8.5,4.7,4.9,5.3
오리엔트바이오,-9.1,-22.0,-16.0,-21.2,5.9
오리온, ,6.2,9.2,10.7,9.1
오리온홀딩스,41.2,2.7,3.6,4.9,4.8
웰바이오텍,-11.9,-16.5,-14.3,-71.1,-18.9
용평리조트,1.9,1.2,-1.7,-2.0,1.0
팜젠사이언스,6.7,5.4,0.2,7.8,18.2
우리들휴브레인,-8.9,-24.7,-7.3,10.8,5.0
우리은행,"2,801","1,336","5,897","7,161","5,975"
우리종금,1.2,1.5,2.2,1.8,1.1
우성,0.4,-1.6,3.8,1.8,-1.8
우신시스템,-0.3,-1.4,1.7,-4.4,-4.1
우진,-8.4,-3.6,-6.8,15.4,-2.6
우진플라임,0.2,-4.5,-4.9,2.9,8.3
웅진,0.8,-12.6,-13.0,-1.3,3.2
웅진씽크빅,4.8,3.8,-9.7,0.0,6.2
웅진에너지,-26.7,0.4,-38.9,-83.8,-27.6
원림,3.8,0.3,2.8,10.8,1.6
윌비스,0.2,-2.2,-12.5,-0.9,-3.0
유나이티드제약,11.2,11.2,9.8,7.8,7.8
유니드,3.8,3.2,6.2,7.0,14.8
유니온,0.7,-18.0,-4.0,4.5,2.9
유니온머티리얼,-0.6,-6.2,1.4,-0.8,0.3
유니켐,7.4,11.1,11.2,4.9,1.1
유니퀘스트,3.2,3.6,6.7,5.6,13.9
유성기업,1.8,1.8,4.9,-0.7,2.5
유수홀딩스,4.5,4.8,-0.5,12.3,7.8
유안타증권,-23.3,18.9,12.5,8.8,13.7
와이투솔루션,2.7,-15.1,-11.1,-28.0,-8.3
유엔젤,-12.1,3.6,-10.6,-2.4,26.5
유유제약,3.7,3.4,4.1,1.7,-0.5
유진투자증권,7.1,8.6,13.4,6.4,6.5
유한양행,5.3,2.7,1.7,8.4,4.1
유화증권,-44.3,66.4,38.0,-30.6,-8.0
율촌화학,4.9,2.5,3.0,3.3,1.3
이건산업,1.2,1.5,0.2,0.4,2.9
이구산업,4.2,-1.0,-1.3,0.7,7.1
이노션,4.6,5.5,5.0,4.1,4.1
이마트,4.0,2.9,1.2,1.7,5.9
이수페타시스,-2.9,-1.5,-19.8,-3.4,-0.9
이수화학,-0.1,-0.2,-2.2,-14.1,9.0
이스타코,-0.4,-6.4,13.8,-0.1,2.0
이아이디,1.0,-7.5,0.3,-10.4,1.6
이엔플러스,-32.0,-11.7,-32.9,-13.6,-20.2
이연제약,5.2,0.5,1.7,1.3,1.4
이월드,1.7,3.7,3.5,-3.3,-3.1
이화산업,-1.1,-0.6,-1.7,-1.3,21.2
인디에프,0.5,0.2,-2.3,-15.1,-15.2
인스코비,-1.0,-15.7,-44.7,14.3,5.5
인지컨트롤스,-0.2,0.2,-1.6,-0.5,0.5
인천도시가스,3.7,4.4,3.0,3.2,1.1
인터지스,1.2,-2.9,-9.9,1.1,3.6
인팩,-0.9,0.8,-1.7,1.9,1.6
일동제약,3.6,2.3,-2.3,-2.1,-15.4
일동홀딩스,-0.2,-1.4,-6.9,-3.9,-15.6
일성건설,-4.1,0.8,0.6,0.9,1.7
일성신약,0.8,0.9,1.9,0.9,-0.4
일신방직,1.9,2.4,0.8,1.1,6.4
일신석재,0.2,0.5,1.1,0.7,-0.1
일양약품,3.0,0.8,4.5,4.9,5.6
일정실업,-8.4,-10.1,-21.1,-7.9,-16.9
일진다이아,4.9,4.9,6.4,2.9,2.4
일진디스플,10.9,1.0,-21.4,-30.9,-37.8
일진머티리얼즈,8.1,6.2,5.4,4.0,4.5
일진전기,-0.3,-1.9,0.5,0.6,1.8
일진홀딩스,-1.9,0.1,1.9,1.4,2.4
잇츠한불,7.6,3.4,1.4,-0.7,-1.4
자화전자,5.6,-0.3,-0.1,-1.8,5.4
전방,-2.9,-6.0,-10.7,1.6,0.0
제이에스코퍼레이션,3.0,3.1,4.2,0.7,9.1
제이준코스메틱,20.4,-0.8,-52.7,-20.8,-47.5
제일기획,5.9,6.0,6.3,7.0,7.0
제일약품, ,0.5,-2.6,1.7,-3.6
제일연마,4.1,5.2,6.3,3.3,5.9
제일파마홀딩스,141.5,1.3,-10.8,1.7,-1.5
제주은행,17,78,63,75,-31
제주항공,11.1,7.7,-2.7,-23.3,-22.4
조광페인트,1.7,-1.4,-0.8,1.4,-7.0
조광피혁,9.3,5.5,5.3,6.2,2.9
조비,1.2,0.4,-0.1,3.4,1.9
조선내화,2.3,5.7,3.1,3.4,2.6
조선선재,14.4,10.4,10.9,7.5,11.0
조일알미늄,-0.6,-3.0,-23.8,-3.1,5.0
조흥,6.8,4.4,3.8,3.2,6.2
종근당,8.2,6.0,7.0,10.4,4.3
종근당바이오,4.5,4.4,5.9,2.4,-2.3
종근당홀딩스,8.8,6.3,8.2,9.7,2.0
주연테크,-11.7,-8.8,-7.8,-5.0,5.3
지엠비코리아,2.5,-0.2,0.4,-1.6,2.1
지역난방공사,1.3,-4.0,-0.4,0.5,0.3
지코,-9.5,4.8,-16.3,-16.1,-29.8
지투알,2.1,2.5,2.7,1.8,3.2
진도,6.2,3.5,-1.8,-1.3,2.7
진양산업,3.6,4.9,13.0,8.2,8.3
진양폴리,1.5,2.7,19.3,3.7,8.2
진양홀딩스,3.2,0.9,4.5,5.7,2.7
진양화학,-0.8,-0.8,-5.4,2.2,-6.2
진에어,18.5,8.7,-9.3,-30.2,-23.1
진원생명과학,-42.6,-25.1,-15.2,-19.9,-8.3
진흥기업,7.1,1.8,5.9,6.7,17.3
참엔지니어링,2.0,1.9,-2.2,0.9,-0.2
천일고속,45.0,-0.3,0.9,-9.2,-0.9
센트럴인사이트,-8.0,2.2,-26.6,-32.6,-24.8
체시스,-2.1,-4.1,-4.9,-2.8,-6.5
카카오,2.1,0.2,-4.1,1.7,9.5
카프로,2.6,2.2,-20.8,-18.2,0.6
케이씨,20.0,44.7,9.1,7.4,6.9
케이씨텍, ,18.8,11.3,11.4,9.8
KTis,3.8,3.5,3.4,2.4,7.5
엘브이엠씨홀딩스,2.1,-7.6,-8.4,-3.7,-3.1
코리아써키트,5.5,-5.3,0.4,-1.7,7.3
코리아오토글라스,9.6,8.9,8.0,6.2,9.8
코리안리,120,520,549,382,82
코스맥스,1.9,2.1,1.6,-2.4,2.6
코스맥스비티아이,0.8,1.6,-1.6,-1.9,0.5
코스모신소재,3.9,4.8,-0.7,3.7,5.1
코스모화학,5.9,-1.9,-2.9,-2.6,3.5
코아스,-0.7,-0.2,2.7,-2.3,-6.9
코오롱,2.8,-0.1,-0.6,4.6,4.4
코오롱글로벌,0.7,0.7,1.6,3.4,5.4
코오롱머티리얼,-21.1,-31.6,-27.0,-11.8,-6.5
코오롱인더,2.3,0.8,0.4,4.0,3.8
코오롱플라스틱,5.3,3.5,1.6,0.9,6.3
코웨이,15.8,15.4,12.7,13.8,13.6
콤텍시스템,0.7,6.0,0.8,-0.5,1.7
쿠쿠홀딩스,75.1,13.7,10.2,12.3,14.5
크라운제과, ,4.1,5.7,4.9,4.0
크라운해태홀딩스,14.1,0.8,-1.8,3.5,1.0
키움증권,54.4,24.2,28.5,24.6,11.8
아센디오,-35.6,-21.8,-71.3,-14.0,-13.8
태경산업,1.3,2.8,4.6,1.6,5.0
태경케미컬,1.5,2.5,7.6,5.6,7.2
태광산업,4.5,5.8,3.8,3.7,7.1
태림포장,-0.1,4.6,3.7,0.8,3.6
태양금속,-1.1,-1.4,-5.9,-2.3,-2.8
태영건설,3.0,5.0,1.8,11.0,1.7
태원물산,1.9,0.9,1.4,-0.1,0.2
태평양물산,1.8,1.9,1.9,-1.9,-2.0
테이팩스,4.7,3.2,5.0,9.0,11.0
텔코웨어,4.5,5.2,3.4,1.5,1.5
토니모리,-2.9,-3.9,-2.6,-18.2,-4.7
티에이치엔,1.5,2.3,7.2,-6.3,5.4
티웨이홀딩스,15.6,8.5,-7.0,-17.6,-20.8
시디즈,1.3,8.4,11.2,21.3,14.3
파미셀,-26.8,-21.0,7.1,7.9,11.5
팜스코,5.7,0.4,-0.9,1.2,0.2
팬오션,3.4,3.7,3.5,2.0,9.9
퍼스텍,2.0,-19.9,-6.1,3.9,2.1
퍼시스,5.2,9.9,7.0,6.9,8.4
페이퍼코리아,-17.8,-6.1,-4.6,0.0,1.8
평화산업,-4.6,-24.7,-3.9,-3.9,0.1
평화홀딩스,-1.1,-12.7,-4.4,-1.7,-3.0
포스코스틸리온,4.2,2.5,0.5,1.4,18.4
포스코인터내셔널,1.9,1.2,2.2,2.7,3.7
풀무원,2.8,1.0,-0.6,0.7,0.0
풍산,5.5,2.3,0.7,2.8,8.5
풍산홀딩스,8.6,4.2,2.7,1.4,17.1
KH 필룩스,2.1,-4.5,-3.2,-11.8,-0.4
하나금융지주,"5,328","8,357","9,171","9,288","8,445"
하나니켈1호, , , , , 
하나니켈2호, , , , , 
하나투어,2.3,1.6,-1.4,-25.6,-12.4
하이스틸,3.4,-3.0,0.0,-0.5,4.6
하이트론,-20.1,1.2,-29.6,-36.8,-24.6
하이트진로,0.4,0.6,-1.3,2.6,2.1
하이트진로홀딩스,-0.2,0.2,-1.0,2.8,1.7
한국가스공사,-3.1,1.4,0.2,-0.4,2.4
한국공항,5.7,4.5,3.7,-10.7,0.8
한국금융지주,"3,428","4,018","3,026","7,524","3,076"
한국내화,5.5,3.4,2.1,0.7,2.0
한국단자,5.9,4.6,3.7,6.2,6.0
한국석유,3.6,1.5,-2.6,2.1,3.4
한국쉘석유,19.1,18.1,14.7,14.5,18.5
한국유리,4.5,6.0,3.8,17.8,3.9
한국자산신탁,11.0,8.2,9.4,7.7,9.2
한국전력,0.8,-0.6,-1.2,1.0,-2.5
한국전자홀딩스,1.2,0.3,-6.1,-8.7,6.7
한국제지,2.3,1.1,-4.3,-2.5,2.3
한국종합기술,-3.3,-2.9,-0.5,2.1,3.3
한국주강,-6.3,-13.9,-24.9,-2.8,-3.8
한국주철관,3.3,2.1,4.0,2.9,16.9
한국철강,-4.8,1.4,2.1,-1.0,10.9
한국카본,0.2,-0.8,4.7,13.1,2.9
한국콜마,8.4,2.6,1.5,6.6,1.7
한국콜마홀딩스,7.9,11.1,7.2,13.4,4.8
한국타이어앤테크놀로지,6.3,5.5,4.3,3.7,5.4
한국앤컴퍼니,7.6,6.4,4.6,4.9,5.1
한국토지신탁,4.7,5.7,11.1,10.5,7.7
한국특강,3.3,-1.7,-6.5,1.1,9.1
한국프랜지,-3.6,-0.2,1.7,1.7,2.9
한국항공우주,-7.6,1.6,4.1,1.5,1.0
한국화장품,4.1,-8.0,-19.5,-9.8,-11.8
한국화장품제조,6.5,4.7,-1.9,-5.0,-1.6
한농화성,5.4,3.6,6.1,7.8,10.1
한독,0.6,1.1,4.8,3.4,0.4
한라,2.2,-0.6,0.2,6.8,6.3
한라홀딩스,2.3,0.7,2.4,2.4,5.0
한미글로벌,6.1,3.8,11.3,4.9,6.4
한미반도체,3.3,18.6,7.7,17.2,27.6
한미사이언스,3.2,1.9,3.4,2.5,4.6
한미약품,4.2,2.0,3.5,0.9,4.3
한샘,10.2,9.4,4.0,5.5,4.6
한섬,4.7,5.7,6.6,6.2,7.5
한성기업,1.2,-1.2,-7.6,1.1,-3.8
한세실업,3.7,-4.2,-1.5,2.4,6.0
한세엠케이,3.4,1.9,-22.4,-13.8,-22.2
한세예스24홀딩스,3.5,-2.7,0.2,4.0,3.7
한솔PNS,2.4,3.7,3.2,2.8,3.3
한솔로지스틱스,3.0,1.3,4.0,4.8,10.2
한솔제지,2.7,2.3,2.3,3.4,0.8
한솔케미칼,8.2,8.9,10.5,13.4,14.5
한솔테크닉스,3.7,-3.9,1.3,4.8,-1.4
한솔홀딩스,-4.8,-2.8,2.6,11.2,3.7
한솔홈데코,1.1,3.8,-1.5,0.2,1.8
한신공영,4.2,8.8,4.2,6.2,2.3
한신기계,5.1,3.7,1.8,3.7,4.2
한양증권,10.9,17.5,15.6,11.1,9.1
한온시스템,7.5,6.0,5.2,1.5,3.9
한올바이오파마,4.0,2.0,10.8,9.6,4.3
한익스프레스,4.0,2.7,2.1,-0.7,1.2
한일홀딩스,2.4,15.8,1.5,3.3,2.8
한일철강,3.0,-2.6,-3.5,-1.6,8.1
한전KPS,11.9,13.0,11.6,6.4,7.1
한전기술,4.2,1.7,3.5,2.8,2.3
한전산업,9.2,8.0,10.7,8.2,5.2
한진,-1.9,1.8,-0.1,0.3,4.2
HJ중공업,-5.9,-37.0,11.8,3.4,-6.1
한진중공업홀딩스,-7.6,0.0,1.6,-0.2,-0.4
한진칼,9.5,-0.5,-9.4,-11.1,-1.0
한창,4.8,1.5,-1.8,-21.3,-22.4
한창제지,7.8,6.3,4.5,6.0,7.0
한화,0.8,0.5,0.1,0.4,1.1
한화갤러리아타임월드,1.9,-3.8,-2.2,2.0,-17.5
한화생명,-818,"3,115","1,600","3,429","3,770"
한화손해보험,-161,558,336,574,-247
한화솔루션,6.1,1.1,-1.6,2.0,3.5
한화에어로스페이스,-0.8,0.8,2.0,1.8,2.9
한화투자증권,7.0,7.2,12.1,9.1,21.9
해성디에스,8.8,7.0,5.8,8.5,16.6
해태제과식품,0.9,0.3,-4.5,4.0,-0.1
핸즈코퍼레이션,3.5,0.6,0.9,-1.0,-7.4
HDC현대EP,5.2,1.4,2.3,2.6,1.9
현대건설,1.9,2.9,3.2,1.3,3.0
현대건설기계, ,5.3,1.6,0.3,3.7
현대그린푸드,4.9,4.5,2.2,2.7,1.3
현대글로비스,8.4,5.2,5.3,5.8,6.8
HD현대, ,1.3,0.5,-3.0,0.6
현대로템,-1.1,-7.6,-8.8,0.5,1.2
현대리바트,6.7,5.7,2.7,3.4,1.6
현대모비스,3.7,4.5,5.1,3.2,4.7
현대미포조선,5.1,2.1,1.8,-0.4,-4.3
현대백화점,4.5,4.2,3.3,1.3,2.6
현대비앤지스틸,3.4,3.3,3.6,3.8,9.9
HDC,6.7,18.7,7.2,2.8,2.3
현대코퍼레이션,1.8,-0.7,1.3,3.7,2.6
HMM,-29.8,-20.5,-10.5,1.5,39.2
한일현대시멘트,12.1,-5.6,7.5,11.2,7.0
현대약품,-1.1,-1.5,0.8,1.4,-2.0
현대퓨처넷,6.1,5.3,4.7,-4.5,8.3
현대엘리베이,3.6,0.1,1.8,3.8,4.0
현대위아,-0.9,-0.8,0.8,0.7,0.7
현대일렉트릭, ,-8.1,-11.5,-1.8,-1.5
현대제철,2.2,1.2,0.1,-1.3,4.2
한국조선해양,6.8,-1.7,0.9,-3.3,-4.3
현대차,2.6,0.9,1.7,1.0,2.6
현대차증권,-5.7,23.4,22.8,15.9,9.8
현대코퍼레이션홀딩스,5.9,1.9,4.5,7.7,5.1
현대해상,-80,"1,276","1,265","1,366",419
현대홈쇼핑,6.5,7.5,3.3,4.3,3.8
형지엘리트,-4.1,-7.4,-1.0,-0.6,2.2
혜인,0.6,-0.3,1.9,2.3,2.4
호전실업,1.7,1.6,1.0,-6.2,4.1
호텔신라,1.2,4.9,5.8,-8.8,1.0
화성산업,8.3,8.1,1.2,5.5,4.3
화승코퍼레이션,-3.2,-2.7,1.9,-3.4,-3.2
화승엔터프라이즈,7.8,2.5,7.5,3.9,-0.6
화승인더,5.8,2.8,7.2,3.7,-0.3
화신,-3.4,-6.8,0.8,-6.7,2.9
화인베스틸,0.5,0.9,-3.4,-8.0,1.3
화천기계,0.4,-0.4,-3.8,-3.0,3.6
화천기공,2.5,3.4,2.0,1.2,2.3
환인제약,10.5,7.7,6.3,7.3,7.8
황금에스티,6.2,4.5,5.9,4.7,7.5
효성,2.4,32.7,2.3,0.0,11.2
효성ITX,7.1,5.6,7.7,7.9,7.1
후성,9.0,7.4,0.0,0.5,5.4
휠라홀딩스,3.4,6.6,9.6,5.3,8.4
휴니드,11.5,14.2,3.3,2.5,5.1
휴비스,2.6,2.0,0.0,9.4,0.4
휴스틸,0.6,2.7,-2.1,1.5,4.9
TKG휴켐스,13.5,12.0,7.9,5.6,8.5
흥국화재,82,149,128,322,22
흥아해운,-6.8,-10.3,-8.3,-14.2,6.2
