name,18_score,19_score,20_score,21_score,Sector,19-18,21-20
AJ네트웍스,5.54,6.93,-0.09,18.17,산업용 기계 및 장비 임대업,1.39,18.26
CJ제일제당,18.34,4.01,11.51,12.84,기타 식품 제조업,-14.33,1.33
LG헬로비전,8.73,-15.25,-61.99,7.52,텔레비전 방송업,-23.98,69.51
CS홀딩스,21.25,25.83,20.36,26.76,기타 금융업,4.58,6.4
DB,-3.61,6.38,6.8,15.6,컴퓨터 프로그래밍,9.99,8.8
DB하이텍,29.64,34.32,51.05,79.96,반도체 제조업,4.68,28.91
DRB동일,8.01,8.6,5.1,0.95,고무제품 제조업,0.59,-4.15
DSR,14.75,15.61,14.9,17.58,1차 비철금속 제조업,0.86,2.68
E1,9.72,-2.82,6.66,14.04,기타 전문 도매업,-12.54,7.38
F&F홀딩스,85.76,65.55,40.24,360.87,기타 금융업,-20.21,320.63
GKL,37.99,31.15,-23.6,-57.5,유원지 및 기타 오락관련 서비스업,-6.84,-33.9
GS,17.03,10.94,-1.01,20.8,기타 금융업,-6.09,21.81
GS건설,16.96,13.38,9.71,11.2,건물 건설업,-3.58,1.49
GS글로벌,8.38,-0.67,-21.88,8.89,상품 종합 도매업,-9.05,30.77
GS리테일,11.1,9.76,9.12,33.55,종합 소매업,-1.34,24.43
IHQ,-7.92,-106.45,-35.25,-16.95,영화,-98.53,18.3
JW생명과학,27.75,38.1,29.57,21.8,의약품 제조업,10.35,-7.77
JW중외제약,6.24,-12.57,-7.23,0.83,의약품 제조업,-18.81,8.06
JW홀딩스,10.29,-8.15,1.79,2.24,기타 금융업,-18.44,0.45
KCC,1.44,-6.32,18.69,0.17,기타 화학제품 제조업,-7.76,-18.52
KCTC,8.71,8.85,12.63,16.77,도로 화물 운송업,0.14,4.14
KC그린홀딩스,12.17,7.76,-31.36,5.2,기타 금융업,-4.41,36.56
KC코트렐,5.18,2.03,-67.55,13.0,일반 목적용 기계 제조업,-3.15,80.55
KEC,3.58,-17.38,-41.11,11.09,반도체 제조업,-20.96,52.2
컨버즈,-107.61,-120.42,-74.33,-19.15,통신 및 방송 장비 제조업,-12.81,55.18
KG케미칼,7.63,26.56,13.45,21.61,기초 화학물질 제조업,18.93,8.16
KISCO홀딩스,12.8,18.97,13.01,41.73,1차 철강 제조업,6.17,28.72
KPX케미칼,13.13,34.63,42.11,27.48,기초 화학물질 제조업,21.5,-14.63
KPX홀딩스,6.99,21.45,44.09,18.74,기초 화학물질 제조업,14.46,-25.35
KR모터스,-60.99,-90.82,-25.46,-23.8,그외 기타 운송장비 제조업,-29.83,1.66
KSS해운,8.31,8.97,4.85,15.29,해상 운송업,0.66,10.44
KT,10.07,8.3,8.73,15.24,전기 통신업,-1.77,6.51
KT&G,33.77,37.25,39.19,31.9,담배 제조업,3.48,-7.29
KTcs,15.18,10.69,13.61,19.43,기타 정보 서비스업,-4.49,5.82
LF,20.25,13.44,6.09,20.2,봉제의복 제조업,-6.81,14.11
LG,31.73,20.88,26.8,40.61,기타 금융업,-10.85,13.81
LG디스플레이,-0.37,-26.47,0.67,13.32,전자부품 제조업,-26.1,12.65
LX인터내셔널,0.27,1.79,25.93,32.66,상품 중개업,1.52,6.73
LG생활건강,49.13,47.49,43.97,43.45,기타 화학제품 제조업,-1.64,-0.52
LG유플러스,14.02,10.64,10.09,14.0,전기 통신업,-3.38,3.91
LG이노텍,11.33,8.02,15.64,45.43,전자부품 제조업,-3.31,29.79
LG전자,13.38,3.48,16.52,11.46,통신 및 방송 장비 제조업,-9.9,-5.06
LX하우시스,-4.96,3.4,-8.79,3.4,플라스틱제품 제조업,8.36,12.19
LG화학,21.28,6.09,7.79,30.32,기초 화학물질 제조업,-15.19,22.53
LIG넥스원,1.79,1.44,9.02,14.73,무기 및 총포탄 제조업,-0.35,5.71
LS,17.83,4.9,7.47,11.53,기타 금융업,-12.93,4.06
LS네트웍스,5.58,-17.66,-6.37,16.6,상품 종합 도매업,-23.24,22.97
LS전선아시아,13.19,18.11,8.96,13.71,기타 금융업,4.92,4.75
MH에탄올,-8.34,-5.77,2.9,6.2,알코올음료 제조업,2.57,3.3
NAVER,25.65,13.73,20.74,217.22,자료처리,-11.92,196.48
NHN,17.41,5.68,6.33,18.07,소프트웨어 개발 및 공급업,-11.73,11.74
NICE,18.48,12.57,8.21,13.09,회사 본부 및 경영 컨설팅 서비스업,-5.91,4.88
NPC,13.42,15.45,18.81,22.02,플라스틱제품 제조업,2.03,3.21
OCI,8.28,-48.71,-15.89,44.83,기초 화학물질 제조업,-56.99,60.72
POSCO홀딩스,10.66,11.05,10.33,30.56,1차 철강 제조업,0.39,20.23
SNT에너지,6.74,20.14,13.0,16.12,일반 목적용 기계 제조업,13.4,3.12
SNT모티브,18.72,4.64,20.27,27.3,자동차 신품 부품 제조업,-14.08,7.03
SNT중공업,11.28,10.1,6.53,26.32,자동차 신품 부품 제조업,-1.18,19.79
SNT홀딩스,14.44,21.88,14.41,24.68,기타 금융업,7.44,10.27
S-Oil,8.04,3.61,-14.85,28.62,석유 정제품 제조업,-4.43,43.47
SBS,4.78,8.38,-13.66,38.42,텔레비전 방송업,3.6,52.08
SG세계물산,9.03,13.21,-9.31,57.24,상품 종합 도매업,4.18,66.55
SG글로벌,7.47,3.22,-1.66,-7.58,자동차 신품 부품 제조업,-4.25,-5.92
SH에너지화학,11.77,-3.53,-15.35,5.82,기초 화학물질 제조업,-15.3,21.17
SIMPAC,45.11,7.05,18.12,39.12,특수 목적용 기계 제조업,-38.06,21.0
SJM,11.12,16.27,10.29,14.51,자동차 신품 부품 제조업,5.15,4.22
SJM홀딩스,11.89,14.59,9.3,13.18,자동차 부품 및 내장품 판매업,2.7,3.88
SK,19.32,5.58,0.76,13.69,기타 금융업,-13.74,12.93
SKC,14.18,7.13,6.31,20.75,기타 화학제품 제조업,-7.05,14.44
SK가스,7.41,15.04,22.61,19.59,기타 전문 도매업,7.63,-3.02
SK네트웍스,2.32,-3.11,2.71,5.03,기타 전문 도매업,-5.43,2.32
SK디앤디,15.05,11.15,15.25,25.12,부동산 임대 및 공급업,-3.9,9.87
SK이노베이션,19.14,3.06,-16.41,5.44,석유 정제품 제조업,-16.08,21.85
SK디스커버리,9.17,19.02,24.22,16.63,기타 금융업,9.85,-7.59
SK텔레콤,29.23,8.3,12.21,22.06,전기 통신업,-20.93,9.85
SK하이닉스,97.42,13.35,26.22,40.46,반도체 제조업,-84.07,14.24
SPC삼립,22.63,9.51,-0.82,14.09,기타 식품 제조업,-13.12,14.91
STX,7.67,-17.32,-4.0,-10.31,상품 종합 도매업,-24.99,-6.31
STX엔진,11.2,8.25,8.52,0.47,일반 목적용 기계 제조업,-2.95,-8.05
STX중공업,-54.41,-23.94,1.25,-5.1,일반 목적용 기계 제조업,30.47,-6.35
TCC스틸,13.15,7.3,0.51,30.53,1차 철강 제조업,-5.85,30.02
WISCOM,11.76,9.26,4.66,10.01,플라스틱제품 제조업,-2.5,5.35
가온전선,3.06,6.68,8.88,6.11,절연선 및 케이블 제조업,3.62,-2.77
강남제비스코,25.47,13.25,16.21,22.79,기타 화학제품 제조업,-12.22,6.58
강원랜드,28.6,30.33,-15.77,4.14,유원지 및 기타 오락관련 서비스업,1.73,19.91
경농,6.66,5.66,14.07,16.29,비료,-1.0,2.22
경동나비엔,17.59,17.99,22.8,34.37,가정용 기기 제조업,0.4,11.57
경동인베스트,19.99,8.35,13.17,12.18,기타 금융업,-11.64,-0.99
경방,6.99,12.66,5.08,7.87,종합 소매업,5.67,2.79
경인양행,14.12,14.21,-3.62,18.19,기초 화학물질 제조업,0.09,21.81
경인전자,9.69,16.84,18.45,27.45,전자부품 제조업,7.15,9.0
계룡건설,20.66,14.89,17.34,25.46,토목 건설업,-5.77,8.12
계양전기,15.57,3.79,14.07,-3.62,일반 목적용 기계 제조업,-11.78,-17.69
고려산업,7.97,9.59,12.45,8.34,곡물가공품,1.62,-4.11
고려아연,31.95,34.77,28.69,33.64,1차 비철금속 제조업,2.82,4.95
고려제강,2.88,1.99,3.06,21.73,1차 철강 제조업,-0.89,18.67
광동제약,13.35,13.22,22.0,13.34,의약품 제조업,-0.13,-8.66
광명전기,8.48,18.05,12.03,14.6,전동기,9.57,2.57
광전자,13.26,9.21,-17.32,20.16,반도체 제조업,-4.05,37.48
국도화학,22.11,16.31,14.31,47.05,기초 화학물질 제조업,-5.8,32.74
국동,11.05,-7.51,24.8,-12.49,생활용품 도매업,-18.56,-37.29
국보,-20.68,-26.31,-64.64,-59.84,도로 화물 운송업,-5.63,4.8
국제약품,7.32,-10.87,6.72,-2.24,의약품 제조업,-18.19,-8.96
극동유화,24.22,20.98,12.12,16.49,석유 정제품 제조업,-3.24,4.37
금강공업,7.67,-0.6,2.46,10.38,1차 철강 제조업,-8.27,7.92
금비,16.03,-2.34,6.59,-3.49,유리 및 유리제품 제조업,-18.37,-10.08
금양,35.07,-15.68,-4.41,17.95,기초 화학물질 제조업,-50.75,22.36
금호건설,1.64,4.83,8.33,33.25,건물 건설업,3.19,24.92
금호석유,38.28,23.71,43.1,101.66,기초 화학물질 제조업,-14.57,58.56
금호에이치티,15.61,2.12,-7.53,-11.65,자동차 신품 부품 제조업,-13.49,-4.12
금호전기,-23.83,-90.27,-114.29,-42.5,전구 및 조명장치 제조업,-66.44,71.79
금호타이어,-13.69,-2.83,-6.22,-5.25,고무제품 제조업,10.86,0.97
기신정기,34.23,23.65,24.19,24.48,특수 목적용 기계 제조업,-10.58,0.29
기아,9.75,13.68,10.87,27.24,자동차용 엔진 및 자동차 제조업,3.93,16.37
깨끗한나라,-17.95,-6.0,24.51,6.01,펄프,11.95,-18.5
남광토건,13.42,8.79,24.1,32.05,토목 건설업,-4.63,7.95
남선알미늄,30.94,18.63,14.69,44.93,1차 비철금속 제조업,-12.31,30.24
남성,-4.93,-2.55,-13.96,10.04,기타 전문 도매업,2.38,24.0
남양유업,6.7,15.75,-10.04,-13.45,낙농제품 및 식용빙과류 제조업,9.05,-3.41
비비안,-8.81,-1.37,-104.81,-3.51,봉제의복 제조업,7.44,101.3
남해화학,10.66,14.4,19.3,15.25,비료,3.74,-4.05
넥센,13.22,12.49,1.46,3.77,고무제품 제조업,-0.73,2.31
넥센타이어,13.0,13.71,0.0,1.95,고무제품 제조업,0.71,1.95
넷마블,17.31,13.31,17.69,9.77,소프트웨어 개발 및 공급업,-4.0,-7.92
노루페인트,9.09,12.49,11.35,9.63,기타 화학제품 제조업,3.4,-1.72
노루홀딩스,3.28,8.89,11.37,5.57,기타 금융업,5.61,-5.8
녹십자,9.49,0.47,16.54,21.78,의약품 제조업,-9.02,5.24
녹십자홀딩스,4.6,-1.81,21.52,14.34,회사 본부 및 경영 컨설팅 서비스업,-6.41,-7.18
농심,15.17,12.64,22.2,15.6,기타 식품 제조업,-2.53,-6.6
농심홀딩스,16.15,12.92,21.84,15.93,기타 금융업,-3.23,-5.91
다우기술,5.14,6.55,7.6,7.93,자료처리,1.41,0.33
키다리스튜디오,8.94,26.71,2.78,9.45,자료처리,17.77,6.67
대교,11.4,9.62,-4.06,-14.09,초등 교육기관,-1.78,-10.03
대구백화점,-12.89,-8.53,-8.96,-2.74,종합 소매업,4.36,6.22
대동,2.1,2.51,9.47,12.03,특수 목적용 기계 제조업,0.41,2.56
대동전자,10.99,12.88,9.32,21.22,통신 및 방송 장비 제조업,1.89,11.9
대림B&Co,6.56,4.49,0.02,2.91,내화,-2.07,2.89
DL,19.24,19.32,14.82,28.34,기타 금융업,0.08,13.52
삼일씨엔에스,-2.43,7.25,4.11,0.88,시멘트,9.68,-3.23
대림통상,0.01,-18.55,-23.5,2.11,기타 금속 가공제품 제조업,-18.56,25.61
대상,11.86,18.09,19.56,20.19,기타 식품 제조업,6.23,0.63
대상홀딩스,7.56,18.44,20.24,16.14,기타 금융업,10.88,-4.1
대성산업,-0.41,-18.1,16.51,-8.04,연료 소매업,-17.69,-24.55
대성에너지,8.44,7.96,8.18,7.24,연료용 가스 제조 및 배관공급업,-0.48,-0.94
대성홀딩스,8.83,7.1,15.34,8.48,회사 본부 및 경영 컨설팅 서비스업,-1.73,-6.86
대우건설,12.68,8.51,11.21,17.63,건물 건설업,-4.17,6.42
대우조선해양,10.28,0.01,3.87,-53.12,선박 및 보트 건조업,-10.27,-56.99
대웅,9.27,16.68,24.84,19.83,기타 금융업,7.41,-5.01
대웅제약,-2.2,10.19,8.3,9.19,의약품 제조업,12.39,0.89
대원강업,9.04,8.81,1.18,1.33,자동차 신품 부품 제조업,-0.23,0.15
대원전선,5.28,1.85,6.97,4.82,절연선 및 케이블 제조업,-3.43,-2.15
대원제약,33.99,32.35,20.18,7.94,의약품 제조업,-1.64,-12.24
대원화성,5.37,17.71,-3.42,-15.6,플라스틱제품 제조업,12.34,-12.18
대유에이텍,-13.71,7.06,7.49,0.41,자동차 신품 부품 제조업,20.77,-7.08
대유플러스,6.86,7.04,-1.51,2.21,통신 및 방송 장비 제조업,0.18,3.72
대창,9.51,4.75,6.1,14.48,1차 비철금속 제조업,-4.76,8.38
대창단조,23.77,27.3,25.26,38.65,자동차 신품 부품 제조업,3.53,13.39
대한방직,16.35,-19.84,7.27,5.09,직물직조 및 직물제품 제조업,-36.19,-2.18
대한유화,48.97,24.05,27.23,26.47,기초 화학물질 제조업,-24.92,-0.76
대한전선,0.51,-2.11,2.39,9.28,절연선 및 케이블 제조업,-2.62,6.89
대한제강,-4.19,19.62,25.07,53.01,1차 철강 제조업,23.81,27.94
대한제당,4.84,6.17,8.56,7.63,곡물가공품,1.33,-0.93
대한제분,23.84,10.01,10.22,27.29,곡물가공품,-13.83,17.07
대한항공,-1.56,-7.64,-2.8,7.73,항공 여객 운송업,-6.08,10.53
대한해운,9.93,11.12,3.21,29.01,해상 운송업,1.19,25.8
더존비즈온,53.76,34.98,26.45,22.4,컴퓨터 프로그래밍,-18.78,-4.05
덕성,-3.76,3.4,14.67,20.0,플라스틱제품 제조업,7.16,5.33
덕양산업,0.84,-8.05,-3.62,3.44,자동차 신품 부품 제조업,-8.89,7.06
덴티움,31.87,10.61,15.33,35.86,의료용 기기 제조업,-21.26,20.53
도화엔지니어링,15.98,17.56,16.7,13.11,건축기술,1.58,-3.59
케이비아이동국실업,-4.48,1.76,-5.32,-12.63,자동차 신품 부품 제조업,6.24,-7.31
동국제강,-15.9,-3.68,5.54,33.08,1차 철강 제조업,12.22,27.54
동방,10.36,-4.14,8.67,0.98,기타 운송관련 서비스업,-14.5,-7.69
동방아그로,15.01,14.92,15.41,15.35,비료,-0.09,-0.06
동부건설,38.84,27.21,18.35,36.78,토목 건설업,-11.63,18.43
KG스틸,-8.11,-3.71,11.2,26.97,1차 철강 제조업,4.4,15.77
동서,35.58,40.44,34.97,32.97,음·식료품 및 담배 도매업,4.86,-2.0
동성케미컬,-0.22,11.76,16.84,19.32,회사 본부 및 경영 컨설팅 서비스업,11.98,2.48
동아쏘시오홀딩스,-37.98,6.67,39.24,14.4,기타 금융업,44.65,-24.84
다스코,30.36,5.63,-9.11,1.54,구조용 금속제품,-24.73,10.65
동아에스티,4.87,26.28,11.29,5.85,의약품 제조업,21.41,-5.44
동아지질,26.05,23.84,4.71,7.2,기반조성 및 시설물 축조관련 전문공사업,-2.21,2.49
동양,5.59,2.79,-6.46,6.87,시멘트,-2.8,13.33
동양고속,4.02,59.15,-28.96,-45.87,육상 여객 운송업,55.13,-16.91
비케이탑스,-25.87,-91.67,-197.05,-108.22,컴퓨터 프로그래밍,-65.8,88.83
TYM,-12.19,4.25,4.75,20.85,특수 목적용 기계 제조업,16.44,16.1
동양철관,-12.58,4.96,16.31,-5.93,1차 철강 제조업,17.54,-22.24
동양피스톤,14.03,11.47,-5.29,8.81,자동차용 엔진 및 자동차 제조업,-2.56,14.1
동원F&B,16.79,17.54,18.91,15.41,기타 식품 제조업,0.75,-3.5
동원금속,-10.99,11.93,-18.42,11.85,자동차 신품 부품 제조업,22.92,30.27
동원시스템즈,19.95,15.51,18.55,13.23,플라스틱제품 제조업,-4.44,-5.32
동일고무벨트,14.97,12.59,11.9,9.74,고무제품 제조업,-2.38,-2.16
DI동일,7.37,7.26,11.39,18.64,상품 중개업,-0.11,7.25
동일산업,19.62,9.9,13.05,38.47,1차 철강 제조업,-9.72,25.42
동화약품,13.64,12.57,27.62,18.95,의약품 제조업,-1.07,-8.67
두산,-3.19,5.6,-10.38,8.38,회사 본부 및 경영 컨설팅 서비스업,8.79,18.76
두산밥캣,15.65,15.44,13.78,18.28,특수 목적용 기계 제조업,-0.21,4.5
HSD엔진,-5.63,-16.91,3.58,-16.45,일반 목적용 기계 제조업,-11.28,-20.03
현대두산인프라코어,13.44,12.76,8.9,24.31,특수 목적용 기계 제조업,-0.68,15.41
두산중공업,-4.92,-0.76,-10.56,9.37,일반 목적용 기계 제조업,4.16,19.93
두올,16.88,14.51,7.13,14.85,자동차 신품 부품 제조업,-2.37,7.72
디아이,26.41,3.1,10.96,23.47,측정,-23.31,12.51
디아이씨,-2.25,-22.45,-56.59,16.37,자동차 신품 부품 제조업,-20.2,72.96
디와이,13.11,17.12,3.91,7.32,기타 금융업,4.01,3.41
디와이파워,35.57,27.18,33.35,35.99,특수 목적용 기계 제조업,-8.39,2.64
디티알오토모티브,27.15,29.32,20.84,25.63,일차전지 및 축전지 제조업,2.17,4.79
스틱인베스트먼트,23.99,21.01,31.36,68.23,신탁업 및 집합투자업,-2.98,36.87
락앤락,20.71,12.27,10.17,11.57,플라스틱제품 제조업,-8.44,1.4
롯데관광개발,-81.6,-9.13,-31.03,-53.75,여행사 및 기타 여행보조 서비스업,72.47,-22.72
롯데쇼핑,-3.84,-7.74,-5.84,-1.53,종합 소매업,-3.9,4.31
롯데정밀화학,47.08,36.61,41.85,88.46,기초 화학물질 제조업,-10.47,46.61
롯데지주,2.45,-4.71,-3.46,4.08,기타 금융업,-7.16,7.54
롯데칠성,-3.0,-12.64,0.13,14.75,비알코올음료 및 얼음 제조업,-9.64,14.62
롯데케미칼,29.66,15.49,6.17,25.54,기초 화학물질 제조업,-14.17,19.37
롯데푸드,15.14,13.07,21.15,3.18,낙농제품 및 식용빙과류 제조업,-2.07,-17.97
마니커,-15.28,-29.43,-61.48,-84.79,도축,-14.15,-23.31
만도,10.07,10.52,2.74,13.03,자동차 신품 부품 제조업,0.45,10.29
쎌마테라퓨틱스,-186.92,-482.3,-269.58,-122.38,기타 사업지원 서비스업,-295.38,147.2
명문제약,1.31,-26.42,-35.49,-9.03,의약품 제조업,-27.73,26.46
모나미,3.3,3.76,1.55,28.03,생활용품 도매업,0.46,26.48
모토닉,17.33,18.51,22.68,20.09,자동차 신품 부품 제조업,1.18,-2.59
무림P&P,20.12,3.91,-0.59,5.64,펄프,-16.21,6.23
무림페이퍼,11.12,-0.19,-4.92,0.63,펄프,-11.31,5.55
무학,-6.16,16.76,13.02,-5.46,알코올음료 제조업,22.92,-18.48
미래산업,-56.03,-23.62,-25.09,24.81,측정,32.41,49.9
미원상사,34.8,43.5,61.07,59.21,기타 화학제품 제조업,8.7,-1.86
미원홀딩스,18.67,22.12,26.23,37.12,기타 금융업,3.45,10.89
미창석유,20.15,27.29,29.08,40.44,석유 정제품 제조업,7.14,11.36
방림,11.95,11.44,13.61,2.32,직물직조 및 직물제품 제조업,-0.51,-11.29
백광산업,26.41,17.95,11.47,15.64,기초 화학물질 제조업,-8.46,4.17
태경비케이,8.81,13.2,12.77,18.75,시멘트,4.39,5.98
백산,22.42,9.05,-15.16,22.72,플라스틱제품 제조업,-13.37,37.88
범양건영,16.27,53.77,26.32,9.41,건물 건설업,37.5,-16.91
벽산,8.65,1.37,3.66,1.36,기타 비금속 광물제품 제조업,-7.28,-2.3
보령제약,18.67,24.87,18.05,21.67,의약품 제조업,6.2,3.62
보해양조,-43.36,-35.83,4.72,-0.63,알코올음료 제조업,7.53,-5.35
부광약품,136.55,-0.43,-5.39,1.07,의약품 제조업,-136.98,6.46
부산산업,11.35,19.57,12.8,-5.89,시멘트,8.22,-18.69
비상교육,7.44,17.2,-14.36,11.07,서적,9.76,25.43
빙그레,23.31,25.94,20.36,-3.98,낙농제품 및 식용빙과류 제조업,2.63,-24.34
사조대림,8.93,33.92,13.16,21.98,수산물 가공 및 저장 처리업,24.99,8.82
사조동아원,11.86,1.9,8.3,3.09,곡물가공품,-9.96,-5.21
SGC에너지,-4.08,1.41,6.38,13.12,전기업,5.49,6.74
삼부토건,-41.12,7.44,-13.99,6.5,토목 건설업,48.56,20.49
삼성SDI,16.26,9.07,12.24,19.38,일차전지 및 축전지 제조업,-7.19,7.14
삼성공조,12.59,11.42,12.66,2.22,자동차 신품 부품 제조업,-1.17,-10.44
삼성물산,14.2,9.69,9.33,12.73,기타 전문 도매업,-4.51,3.4
삼성바이오로직스,13.21,13.56,15.2,20.03,기초 의약물질 및 생물학적 제제 제조업,0.35,4.83
삼성에스디에스,32.44,33.45,21.0,25.27,컴퓨터 프로그래밍,1.01,4.27
삼성엔지니어링,5.58,25.2,19.78,23.33,건축기술,19.62,3.55
삼성전기,30.12,22.82,25.91,34.95,전자부품 제조업,-7.3,9.04
삼성전자,49.26,24.6,27.4,36.16,통신 및 방송 장비 제조업,-24.66,8.76
삼성중공업,-7.95,-29.96,-36.59,-37.72,선박 및 보트 건조업,-22.01,-1.13
삼성출판사,3.14,12.13,68.12,8.64,서적,8.99,-59.48
삼아알미늄,6.86,10.1,7.9,21.01,1차 비철금속 제조업,3.24,13.11
삼양사,11.29,9.52,12.07,8.65,기타 식품 제조업,-1.77,-3.42
삼양식품,31.22,47.75,46.54,31.01,기타 식품 제조업,16.53,-15.53
삼양통상,33.46,48.5,48.78,31.69,가죽,15.04,-17.09
삼양홀딩스,12.47,8.03,14.55,23.78,기타 금융업,-4.44,9.23
삼영무역,31.67,27.75,26.2,31.41,기타 전문 도매업,-3.92,5.21
삼영전자,22.43,23.55,22.46,22.28,전자부품 제조업,1.12,-0.18
삼영화학,-22.44,-4.59,5.11,12.13,플라스틱제품 제조업,17.85,7.02
삼익악기,8.63,8.49,6.38,14.45,악기 제조업,-0.14,8.07
삼일제약,-18.66,2.95,3.33,-7.82,의약품 제조업,21.61,-11.15
삼천리,4.2,5.08,4.12,7.77,연료용 가스 제조 및 배관공급업,0.88,3.65
삼호개발,28.74,28.14,23.76,19.33,기반조성 및 시설물 축조관련 전문공사업,-0.6,-4.43
삼화왕관,23.43,15.69,4.12,4.16,기타 금속 가공제품 제조업,-7.74,0.04
삼화전기,20.24,11.75,16.97,37.53,전자부품 제조업,-8.49,20.56
삼화전자,-22.44,-17.29,-13.45,-22.68,영상 및 음향기기 제조업,5.15,-9.23
삼화콘덴서,117.21,49.02,38.38,41.77,전자부품 제조업,-68.19,3.39
삼화페인트,3.16,4.68,5.99,1.06,기타 화학제품 제조업,1.52,-4.93
상신브레이크,9.87,6.17,0.13,8.99,자동차 신품 부품 제조업,-3.7,8.86
새론오토모티브,14.5,-5.34,14.5,24.75,자동차 신품 부품 제조업,-19.84,10.25
샘표,25.32,28.25,36.02,21.62,기타 금융업,2.93,-14.4
샘표식품,32.52,44.11,51.72,29.42,기타 식품 제조업,11.59,-22.3
서연,-3.88,-11.24,-2.5,8.61,기타 금융업,-7.36,11.11
서연이화,-0.0,-7.82,-6.15,7.28,자동차 신품 부품 제조업,-7.82,13.43
서울가스,13.23,9.55,29.31,4.57,연료용 가스 제조 및 배관공급업,-3.68,-24.74
서원,12.68,6.44,-6.7,17.52,금속 주조업,-6.24,24.22
서흥,17.59,19.97,28.35,26.92,기타 화학제품 제조업,2.38,-1.43
선도전기,0.46,-2.86,6.72,-17.63,전동기,-3.32,-24.35
선진,9.17,8.52,28.56,14.0,동물용 사료 및 조제식품 제조업,-0.65,-14.56
SUN&L,-3.33,-20.96,-5.24,-20.32,나무제품 제조업,-17.63,-15.08
성문전자,4.61,-11.65,-4.83,23.32,전자부품 제조업,-16.26,28.15
성보화학,15.59,-0.35,-6.66,6.32,비료,-15.94,12.98
성신양회,6.34,6.78,4.41,3.2,시멘트,0.44,-1.21
성안,-22.1,-16.91,-57.24,35.35,직물직조 및 직물제품 제조업,5.19,92.59
성창기업지주,-1.46,-2.95,4.76,5.27,회사 본부 및 경영 컨설팅 서비스업,-1.49,0.51
세방,19.31,5.18,12.8,17.84,도로 화물 운송업,-14.13,5.04
세방전지,30.91,21.89,18.62,21.23,일차전지 및 축전지 제조업,-9.02,2.61
세아베스틸,4.48,3.89,-21.7,20.28,1차 철강 제조업,-0.59,41.98
세아제강지주,46.43,4.52,7.21,31.23,기타 금융업,-41.91,24.02
세아특수강,10.87,9.88,0.31,17.77,1차 철강 제조업,-0.99,17.46
세아홀딩스,6.21,5.24,-14.36,10.59,1차 철강 제조업,-0.97,24.95
세우글로벌,7.81,6.52,30.23,22.62,기타 전문 도매업,-1.29,-7.61
세원이앤씨,-15.64,-4.58,-25.12,-1.84,구조용 금속제품,11.06,23.28
세원정공,-4.97,7.45,19.49,4.19,자동차 신품 부품 제조업,12.42,-15.3
세종공업,-4.98,2.81,-4.84,-0.87,자동차 신품 부품 제조업,7.79,3.97
세진중공업,2.82,4.0,3.86,10.26,선박 및 보트 건조업,1.18,6.4
다이나믹디자인,-69.99,-11.15,-81.84,-64.52,특수 목적용 기계 제조업,58.84,17.32
송원산업,16.59,15.45,12.96,25.74,기타 화학제품 제조업,-1.14,12.78
수산중공업,15.62,2.68,7.87,18.22,특수 목적용 기계 제조업,-12.94,10.35
한국수출포장,23.25,24.0,13.67,20.99,골판지,0.75,7.32
스카이라이프,25.9,27.07,26.24,21.15,텔레비전 방송업,1.17,-5.09
신대양제지,47.15,34.86,22.57,27.67,골판지,-12.29,5.1
신도리코,21.39,14.16,5.23,42.38,컴퓨터 및 주변장치 제조업,-7.23,37.15
신성이엔지,7.31,2.37,-9.57,-10.36,반도체 제조업,-4.94,-0.79
신성통상,3.3,1.6,12.78,35.05,기타 전문 도매업,-1.7,22.27
신세계,10.02,17.29,-0.76,10.65,종합 소매업,7.27,11.41
신세계인터내셔날,22.59,25.74,17.49,26.93,섬유,3.15,9.44
신세계푸드,7.85,4.7,-6.92,3.24,음식점업,-3.15,10.16
신송홀딩스,-17.77,-54.23,6.88,12.99,산업용 농·축산물 및 동·식물 도매업,-36.46,6.11
신영와코루,12.13,10.15,7.9,10.34,봉제의복 제조업,-1.98,2.44
신원,-2.35,3.41,-4.58,10.49,봉제의복 제조업,5.76,15.07
신풍제약,4.3,6.66,7.42,-1.4,의약품 제조업,2.36,-8.82
신풍제지,19.21,38.28,84.35,-18.71,펄프,19.07,-103.06
신흥,10.6,4.08,31.36,34.96,기계장비 및 관련 물품 도매업,-6.52,3.6
쌍방울,-61.78,-32.72,-14.38,-15.19,봉제의복 제조업,29.06,-0.81
쌍용C&E,15.49,14.28,15.2,19.44,시멘트,-1.21,4.24
쌍용차,-7.57,-52.1,-87.35,-47.03,자동차용 엔진 및 자동차 제조업,-44.53,40.32
써니전자,29.08,8.39,55.43,26.49,전자부품 제조업,-20.69,-28.94
씨아이테크,-23.81,-27.86,-22.62,-25.64,그외 기타 제품 제조업,-4.05,-3.02
씨에스윈드,6.83,19.41,16.2,18.08,구조용 금속제품,12.58,1.88
아남전자,-31.0,3.23,12.07,20.71,영상 및 음향기기 제조업,34.23,8.64
아모레G,21.66,15.49,4.84,16.09,기타 화학제품 제조업,-6.17,11.25
아모레퍼시픽,25.47,16.67,5.38,14.17,기타 화학제품 제조업,-8.8,8.79
메타랩스,-58.59,-79.99,-71.12,-58.23,봉제의복 제조업,-21.4,12.89
아세아,15.9,12.63,11.37,24.05,회사 본부 및 경영 컨설팅 서비스업,-3.27,12.68
아세아시멘트,5.06,6.05,5.41,17.7,시멘트,0.99,12.29
아세아제지,35.69,27.27,23.91,35.87,골판지,-8.42,11.96
아시아나항공,-6.91,-24.56,-12.25,-12.54,항공 여객 운송업,-17.65,-0.29
아이마켓코리아,10.03,11.6,12.07,16.85,상품 종합 도매업,1.57,4.78
아이에스동서,38.32,10.98,15.9,11.67,내화,-27.34,-4.23
HDC랩스,31.78,-3.68,27.09,12.18,전기 및 통신 공사업,-35.46,-14.91
알루코,2.67,-2.06,-13.11,2.09,1차 비철금속 제조업,-4.73,15.2
애경케미칼,40.67,24.92,33.18,31.21,기초 화학물질 제조업,-15.75,-1.97
에넥스,5.83,-5.19,-21.52,29.39,가구 제조업,-11.02,50.91
에스엘,7.68,17.34,12.17,15.79,자동차 신품 부품 제조업,9.66,3.62
에스원,25.03,31.84,29.37,26.17,경비,6.81,-3.2
에쓰씨엔지니어링,-9.75,-3.01,-1.36,-27.67,토목 건설업,6.74,-26.31
에이블씨엔씨,-5.48,-5.39,-91.02,-65.14,기타 화학제품 제조업,0.09,25.88
에이프로젠제약,-0.81,8.54,34.64,26.26,의약품 제조업,9.35,-8.38
엔씨소프트,47.51,41.52,56.29,33.26,소프트웨어 개발 및 공급업,-5.99,-23.03
엔케이,-42.03,-48.78,1.31,29.81,구조용 금속제품,-6.75,28.5
플레이그램,-76.41,-7.42,27.21,-59.19,기타 전문 도매업,68.99,-86.4
영보화학,15.33,13.53,10.19,12.32,플라스틱제품 제조업,-1.8,2.13
영원무역,17.58,22.78,22.49,36.92,상품 종합 도매업,5.2,14.43
영원무역홀딩스,19.58,24.16,23.53,40.0,기타 금융업,4.58,16.47
영풍,6.73,17.92,9.11,13.72,1차 비철금속 제조업,11.19,4.61
영풍제지,39.84,27.7,19.02,12.93,골판지,-12.14,-6.09
영흥,-3.89,3.33,-21.72,9.05,1차 철강 제조업,7.22,30.77
예스코홀딩스,-6.54,6.73,-14.83,7.76,기타 금융업,13.27,22.59
오뚜기,31.14,18.56,19.19,20.37,기타 식품 제조업,-12.58,1.18
오리엔트바이오,-71.25,-50.95,-68.13,21.08,의약품 제조업,20.3,89.21
오리온홀딩스,11.16,14.47,19.02,18.73,기타 금융업,3.31,-0.29
웰바이오텍,-52.85,-46.24,-236.63,-62.77,상품 중개업,6.61,173.86
용평리조트,4.95,-4.87,-6.09,4.16,일반 및 생활 숙박시설 운영업,-9.82,10.25
팜젠사이언스,20.33,2.77,27.95,61.75,의약품 제조업,-17.56,33.8
우리들휴브레인,-81.22,-23.17,35.94,17.93,기계장비 및 관련 물품 도매업,58.05,-18.01
우성,-2.56,15.06,8.92,-3.14,곡물가공품,17.62,-12.06
우신시스템,-2.92,7.31,-13.2,-12.21,특수 목적용 기계 제조업,10.23,0.99
우진,-10.09,-20.39,52.95,-6.11,측정,-10.3,-59.06
우진플라임,-13.77,-15.43,10.51,28.67,특수 목적용 기계 제조업,-1.66,18.16
웅진,-40.83,-42.59,-3.71,11.42,기타 금융업,-1.76,15.13
웅진씽크빅,14.63,-31.41,2.47,22.65,초등 교육기관,-46.04,20.18
원림,4.25,12.14,38.97,9.23,직물직조 및 직물제품 제조업,7.89,-29.74
윌비스,-5.68,-40.09,-1.92,-8.69,생활용품 도매업,-34.41,-6.77
유니드,13.12,23.57,26.49,52.63,기초 화학물질 제조업,10.45,26.14
유니온,-57.77,-11.73,16.4,11.19,시멘트,46.04,-5.21
유니온머티리얼,-18.47,6.27,-1.26,2.48,내화,24.74,3.74
유니켐,38.31,38.67,17.16,4.43,가죽,0.36,-12.73
유니퀘스트,14.53,24.98,21.54,49.11,기계장비 및 관련 물품 도매업,10.45,27.57
유성기업,10.02,20.23,0.99,11.87,자동차 신품 부품 제조업,10.21,10.88
유수홀딩스,17.93,0.79,44.51,30.57,회사 본부 및 경영 컨설팅 서비스업,-17.14,-13.94
와이투솔루션,-48.78,-35.82,-92.23,-25.37,반도체 제조업,12.96,66.86
유엔젤,16.13,-31.34,-4.64,92.64,자료처리,-47.47,97.28
유유제약,13.67,15.97,8.83,0.85,의약품 제조업,2.3,-7.98
유한양행,12.92,9.88,31.83,17.83,의약품 제조업,-3.04,-14.0
율촌화학,10.51,12.4,13.39,6.6,플라스틱제품 제조업,1.89,-6.79
이건산업,6.39,1.99,2.79,11.05,나무제품 제조업,-4.4,8.26
이노션,20.24,18.21,15.29,15.32,광고업,-2.03,0.03
이마트,11.31,5.51,7.22,20.7,종합 소매업,-5.8,13.48
이수페타시스,-3.2,-64.15,-10.31,-1.68,전자부품 제조업,-60.95,8.63
이수화학,1.57,-5.36,-45.0,31.59,기초 화학물질 제조업,-6.93,76.59
이아이디,-15.65,3.18,-32.4,6.08,기타 전문 도매업,18.83,38.48
이엔플러스,-38.19,-108.46,-44.82,-65.7,일반 목적용 기계 제조업,-70.27,-20.88
이연제약,5.47,10.1,7.42,6.44,의약품 제조업,4.63,-0.98
이화산업,-0.46,-4.34,-3.02,74.13,기타 전문 도매업,-3.88,77.15
인디에프,2.88,-5.7,-48.77,-49.2,봉제의복 제조업,-8.58,-0.43
인스코비,-51.03,-147.22,47.54,18.91,전기 통신업,-96.19,-28.63
인지컨트롤스,2.68,-3.6,-0.05,3.2,자동차 신품 부품 제조업,-6.28,3.25
인천도시가스,17.65,12.88,13.74,6.54,연료용 가스 제조 및 배관공급업,-4.77,-7.2
인터지스,-7.77,-30.93,5.77,14.4,도로 화물 운송업,-23.16,8.63
인팩,4.72,-3.7,8.14,7.1,자동차 신품 부품 제조업,-8.42,-1.04
일동제약,9.19,-6.3,-5.44,-50.13,의약품 제조업,-15.49,-44.69
일동홀딩스,-3.41,-22.09,-11.86,-51.04,의약품 제조업,-18.68,-39.18
일성건설,4.25,3.39,4.38,7.18,토목 건설업,-0.86,2.8
일신방직,11.82,6.36,7.36,24.98,방적 및 가공사 제조업,-5.46,17.62
일양약품,3.83,16.26,17.77,20.1,의약품 제조업,12.43,2.33
일정실업,-30.68,-67.81,-23.94,-54.34,편조원단 제조업,-37.13,-30.4
일진다이아,19.27,24.63,13.26,12.29,기타 화학제품 제조업,5.36,-0.97
일진디스플,5.85,-69.32,-101.7,-124.76,반도체 제조업,-75.17,-23.06
일진머티리얼즈,23.78,21.35,16.67,18.01,전자부품 제조업,-2.43,1.34
일진전기,-4.85,3.18,3.55,7.67,절연선 및 케이블 제조업,8.03,4.12
일진홀딩스,1.68,7.79,6.19,9.89,기타 금융업,6.11,3.7
잇츠한불,17.43,10.56,6.14,4.32,기타 화학제품 제조업,-6.87,-1.82
자화전자,3.65,4.48,-1.73,20.98,전자부품 제조업,0.83,22.71
전방,-19.58,-35.31,5.98,0.94,방적 및 가공사 제조업,-15.73,-5.04
제이에스코퍼레이션,15.22,18.28,3.54,32.61,가죽,3.06,29.07
제이준코스메틱,-0.38,-173.7,-68.22,-156.41,기타 화학제품 제조업,-173.32,-88.19
제일기획,22.91,23.85,25.98,26.0,광고업,0.94,0.02
제일연마,21.64,25.93,17.4,26.02,기타 비금속 광물제품 제조업,4.29,8.62
제일파마홀딩스,5.98,-33.71,7.54,-3.02,회사 본부 및 경영 컨설팅 서비스업,-39.69,-10.56
제주항공,27.29,-7.79,-76.84,-74.04,항공 여객 운송업,-35.08,2.8
조광페인트,-2.33,-0.51,6.67,-21.18,기타 화학제품 제조업,1.82,-27.85
조선내화,21.6,12.86,13.3,10.54,내화,-8.74,-2.76
종근당,22.65,25.95,37.3,16.98,의약품 제조업,3.3,-20.32
종근당바이오,18.78,22.22,10.04,-5.6,의약품 제조업,3.44,-15.64
종근당홀딩스,24.0,29.53,34.4,8.72,의약품 제조업,5.53,-25.68
주연테크,-26.54,-23.59,-14.21,21.22,컴퓨터 및 주변장치 제조업,2.95,35.43
지엠비코리아,1.58,3.55,-3.16,9.15,자동차 신품 부품 제조업,1.97,12.31
지역난방공사,-12.25,-0.46,2.5,1.76,증기,11.79,-0.74
지코,17.17,-53.31,-53.33,-97.06,자동차 신품 부품 제조업,-70.48,-43.73
지투알,9.6,10.72,7.35,12.11,회사 본부 및 경영 컨설팅 서비스업,1.12,4.76
진도,14.03,-3.47,-1.38,11.69,기타 전문 도매업,-17.5,13.07
진양산업,19.59,46.92,29.79,30.13,플라스틱제품 제조업,27.33,0.34
진양폴리,10.74,66.09,14.6,29.82,플라스틱제품 제조업,55.35,15.22
진양홀딩스,5.6,17.41,21.21,11.2,플라스틱제품 제조업,11.81,-10.01
진원생명과학,-82.3,-50.21,-64.02,-24.51,의약품 제조업,32.09,39.51
참엔지니어링,6.74,-6.95,3.81,0.16,특수 목적용 기계 제조업,-13.69,-3.65
센트럴인사이트,7.53,-88.35,-107.45,-81.19,일반 목적용 기계 제조업,-95.88,26.26
체시스,-13.0,-15.7,-8.57,-21.25,자동차 신품 부품 제조업,-2.7,-12.68
카카오,2.63,-11.9,7.17,32.78,자료처리,-14.53,25.61
케이씨,151.29,33.82,28.14,26.55,측정,-117.47,-1.59
코리아써키트,-13.39,6.19,-3.08,27.09,전자부품 제조업,19.58,30.17
코스맥스,8.41,6.68,-6.47,10.25,기타 화학제품 제조업,-1.73,16.72
코스맥스비티아이,6.09,-4.49,-5.41,2.55,기타 금융업,-10.58,7.96
코스모화학,-5.07,-8.49,-7.85,12.64,기타 화학제품 제조업,-3.42,20.49
코아스,0.77,10.54,-6.18,-21.57,가구 제조업,9.77,-15.39
코오롱,0.95,-0.83,16.53,16.06,기타 금융업,-1.78,-0.47
코오롱글로벌,4.07,7.0,12.91,19.95,토목 건설업,2.93,7.04
코오롱인더,4.0,2.78,14.75,14.21,화학섬유 제조업,-1.22,-0.54
코오롱플라스틱,13.69,7.49,5.38,23.33,합성고무 및 플라스틱 물질 제조업,-6.2,17.95
코웨이,52.84,43.45,47.62,47.02,그외 기타 개인 서비스업,-9.39,-0.6
콤텍시스템,23.08,5.63,0.89,7.7,컴퓨터 프로그래밍,-17.45,6.81
쿠쿠홀딩스,50.77,39.4,46.09,53.41,기타 금융업,-11.37,7.32
크라운해태홀딩스,3.97,-4.8,13.02,4.74,기타 금융업,-8.77,-8.28
아센디오,-71.92,-238.2,-49.82,-43.88,영화,-166.28,5.94
태경산업,11.57,17.66,7.76,19.17,기초 화학물질 제조업,6.09,11.41
태경케미컬,13.76,30.71,24.51,29.57,기초 화학물질 제조업,16.95,5.06
태광산업,23.22,16.85,17.14,27.9,화학섬유 제조업,-6.37,10.76
태림포장,17.33,14.36,4.84,14.32,골판지,-2.97,9.48
태양금속,-3.18,-18.2,-6.65,-8.22,자동차 신품 부품 제조업,-15.02,-1.57
태영건설,17.98,7.07,37.78,7.1,토목 건설업,-10.91,-30.68
태평양물산,8.27,8.15,-4.82,-5.07,봉제의복 제조업,-0.12,-0.25
테이팩스,12.1,19.08,32.35,39.47,플라스틱제품 제조업,6.98,7.12
텔코웨어,23.75,17.29,12.12,12.17,자료처리,-6.46,0.05
토니모리,-10.74,-7.05,-59.18,-14.41,기타 화학제품 제조업,3.69,44.77
티에이치엔,9.39,25.53,-19.29,19.32,기타 전기장비 제조업,16.14,38.61
티웨이홀딩스,30.69,-21.98,-57.95,-68.84,시멘트,-52.67,-10.89
팜스코,3.06,-1.44,5.74,2.41,곡물가공품,-4.5,-3.33
팬오션,13.99,13.28,8.16,34.34,해상 운송업,-0.71,26.18
페이퍼코리아,-19.96,-15.07,0.55,6.67,펄프,4.89,6.12
평화산업,-80.24,-11.52,-11.74,1.85,자동차 신품 부품 제조업,68.72,13.59
평화홀딩스,-40.63,-13.41,-4.55,-8.73,자동차 신품 부품 제조업,27.22,-4.18
포스코스틸리온,11.44,4.45,7.6,64.67,1차 철강 제조업,-6.99,57.07
포스코인터내셔널,7.08,10.79,12.38,16.11,상품 중개업,3.71,3.73
풀무원,5.76,-0.02,4.01,1.66,기타 식품 제조업,-5.78,-2.35
풍산,9.9,4.61,11.76,30.6,1차 비철금속 제조업,-5.29,18.84
풍산홀딩스,17.58,11.93,7.35,61.26,기타 금융업,-5.65,53.91
하나투어,7.12,-3.7,-84.28,-40.59,여행사 및 기타 여행보조 서비스업,-10.82,43.69
하이스틸,-7.89,2.17,0.09,17.27,1차 철강 제조업,10.06,17.18
하이트진로,2.69,-3.51,9.48,7.73,알코올음료 제조업,-6.2,-1.75
하이트진로홀딩스,1.22,-2.63,9.96,6.25,기타 금융업,-3.85,-3.71
한국가스공사,5.64,1.66,-0.37,8.88,연료용 가스 제조 및 배관공급업,-3.98,9.25
한국공항,19.18,15.84,-32.52,6.67,기타 운송관련 서비스업,-3.34,39.19
한국내화,14.27,9.94,5.72,9.44,내화,-4.33,3.72
한국단자,19.96,16.96,24.78,23.81,전동기,-3.0,-0.97
한국석유,7.89,-5.52,9.68,14.35,기타 비금속 광물제품 제조업,-13.41,4.67
한국전력,-0.9,-3.01,4.22,-7.46,전기업,-2.11,-11.68
한국전자홀딩스,3.12,-18.42,-27.33,24.36,기타 금융업,-21.54,51.69
한국주철관,11.03,17.56,13.9,60.95,1차 철강 제조업,6.53,47.05
한국카본,2.55,19.67,47.69,13.62,구조용 금속제품,17.12,-34.07
한국콜마,9.72,5.95,22.97,7.08,기타 화학제품 제조업,-3.77,-15.89
한국콜마홀딩스,38.32,25.17,46.28,18.25,기타 금융업,-13.15,-28.03
한국타이어앤테크놀로지,20.97,17.16,15.13,20.83,고무제품 제조업,-3.81,5.7
한국앤컴퍼니,29.64,25.2,24.5,24.45,기타 금융업,-4.44,-0.05
한국프랜지,1.12,7.77,7.65,11.75,자동차 신품 부품 제조업,6.65,4.1
한국항공우주,6.65,14.76,5.97,4.26,항공기,8.11,-1.71
한국화장품,-23.33,-61.97,-30.85,-37.03,생활용품 도매업,-38.64,-6.18
한독,5.41,17.54,12.99,2.99,의약품 제조업,12.13,-10.0
한라,-1.43,1.26,23.48,22.11,토목 건설업,2.69,-1.37
한라홀딩스,4.0,9.37,9.21,17.85,기타 금융업,5.37,8.64
한미글로벌,14.84,40.75,18.96,23.33,건축기술,25.91,4.37
한미반도체,68.07,30.96,61.2,95.86,특수 목적용 기계 제조업,-37.11,34.66
한미사이언스,9.07,14.12,11.23,18.36,기타 금융업,5.05,7.13
한미약품,8.06,12.94,4.31,15.68,의약품 제조업,4.88,11.37
한샘,35.18,16.12,21.38,18.5,생활용품 도매업,-19.06,-2.88
한섬,23.33,26.45,24.94,29.49,봉제의복 제조업,3.12,4.55
한세실업,-11.29,-2.69,10.71,22.16,봉제의복 제조업,8.6,11.45
한세엠케이,10.83,-70.54,-42.54,-70.84,섬유,-81.37,-28.3
한세예스24홀딩스,-6.75,2.8,15.47,14.15,봉제의복 제조업,9.55,-1.32
한솔PNS,15.9,13.76,12.52,14.29,기타 전문 도매업,-2.14,1.77
한솔로지스틱스,9.56,16.97,19.39,37.36,기타 운송관련 서비스업,7.41,17.97
한솔제지,8.92,8.88,12.52,4.02,펄프,-0.04,-8.5
한솔케미칼,31.41,36.68,46.66,50.48,기초 화학물질 제조업,5.27,3.82
한솔테크닉스,-10.84,7.07,18.72,-2.09,전자부품 제조업,17.91,-20.81
한솔홀딩스,-8.71,10.64,41.15,17.04,기타 금융업,19.35,-24.11
한솔홈데코,14.44,-3.27,2.39,7.6,제재 및 목재 가공업,-17.71,5.21
한신공영,30.84,15.56,22.26,9.08,건물 건설업,-15.28,-13.18
한신기계,18.8,11.74,18.14,19.38,일반 목적용 기계 제조업,-7.06,1.24
한온시스템,22.11,19.07,6.6,14.53,일반 목적용 기계 제조업,-3.04,7.93
한올바이오파마,9.32,38.5,35.56,18.27,의약품 제조업,29.18,-17.29
한익스프레스,12.27,9.44,-0.15,6.07,도로 화물 운송업,-2.83,6.22
한일홀딩스,54.22,7.08,13.05,11.64,시멘트,-47.14,-1.41
한일철강,-6.88,-9.98,-3.58,28.81,1차 철강 제조업,-3.1,32.39
한전KPS,47.27,42.91,25.73,28.04,전기 및 통신 공사업,-4.36,2.31
한전기술,7.95,14.38,12.44,10.94,건축기술,6.43,-1.5
한전산업,29.71,38.58,30.5,20.63,건축기술,8.87,-9.87
한진,7.22,0.69,2.01,15.06,도로 화물 운송업,-6.53,13.05
HJ중공업,-122.84,38.67,11.32,-20.08,토목 건설업,161.51,-31.4
한진중공업홀딩스,0.18,5.36,-0.59,-0.79,연료용 가스 제조 및 배관공급업,5.18,-0.2
한진칼,-0.37,-30.17,-36.19,-3.21,항공 여객 운송업,-29.8,32.98
한창,6.34,-4.97,-69.83,-73.83,기계장비 및 관련 물품 도매업,-11.31,-4.0
한화,2.02,0.7,1.68,4.0,기타 화학제품 제조업,-1.32,2.32
한화솔루션,5.04,-3.98,7.98,12.87,기초 화학물질 제조업,-9.02,4.89
한화에어로스페이스,3.96,7.9,7.17,10.92,항공기,3.94,3.75
해성디에스,25.95,21.95,30.8,57.93,전자부품 제조업,-4.0,27.13
해태제과식품,2.45,-13.81,14.79,1.06,기타 식품 제조업,-16.26,-13.73
핸즈코퍼레이션,3.73,4.47,-1.94,-23.44,자동차 신품 부품 제조업,0.74,-21.5
HDC현대EP,7.49,10.73,11.78,9.49,기타 화학제품 제조업,3.24,-2.29
현대건설,11.83,12.89,6.7,12.2,토목 건설업,1.06,5.5
현대그린푸드,18.59,10.59,12.22,7.6,종합 소매업,-8.0,-4.62
현대글로비스,20.55,20.61,22.09,25.72,기타 운송관련 서비스업,0.06,3.63
현대로템,-23.93,-28.21,2.71,5.08,철도장비 제조업,-4.28,2.37
현대리바트,23.04,12.35,14.62,8.45,가구 제조업,-10.69,-6.17
현대모비스,18.46,20.29,13.9,18.88,자동차 신품 부품 제조업,1.83,4.98
현대미포조선,9.81,9.24,1.54,-11.94,선박 및 보트 건조업,-0.57,-13.48
현대백화점,16.17,12.97,5.92,10.42,종합 소매업,-3.2,4.5
현대비앤지스틸,14.21,15.55,16.04,36.17,1차 철강 제조업,1.34,20.13
HDC,64.52,26.07,10.96,9.3,기타 금융업,-38.45,-1.66
현대코퍼레이션,2.92,7.99,15.52,11.55,상품 종합 도매업,5.07,-3.97
HMM,-67.2,-34.7,5.02,131.43,해상 운송업,32.5,126.41
현대퓨처넷,25.51,23.25,-11.69,31.37,텔레비전 방송업,-2.26,43.06
현대엘리베이,1.73,7.19,13.86,14.4,일반 목적용 기계 제조업,5.46,0.54
현대위아,-0.24,5.05,4.45,4.61,자동차 신품 부품 제조업,5.29,0.16
현대제철,5.77,2.11,-2.65,15.69,1차 철강 제조업,-3.66,18.34
한국조선해양,-3.35,5.3,-8.7,-12.24,선박 및 보트 건조업,8.65,-3.54
현대차,4.43,6.98,4.56,9.78,자동차용 엔진 및 자동차 제조업,2.55,5.22
현대코퍼레이션홀딩스,13.24,18.26,29.83,20.74,음·식료품 및 담배 도매업,5.02,-9.09
현대홈쇼핑,27.19,14.07,17.15,16.05,무점포 소매업,-13.12,-1.1
형지엘리트,-21.91,-0.76,0.13,8.89,봉제의복 제조업,21.15,8.76
혜인,0.97,8.65,10.01,10.64,기계장비 및 관련 물품 도매업,7.68,0.63
호전실업,7.51,5.52,-18.39,15.71,봉제의복 제조업,-1.99,34.1
호텔신라,18.96,21.32,-27.46,5.08,기타 상품 전문 소매업,2.36,32.54
화성산업,29.46,6.79,21.38,16.49,건물 건설업,-22.67,-4.89
화승코퍼레이션,-7.53,7.71,-9.96,-9.25,자동차 신품 부품 제조업,15.24,0.71
화승엔터프라이즈,9.86,26.5,14.66,-0.51,신발 및 신발 부분품 제조업,16.64,-15.17
화승인더,10.86,25.43,13.92,0.43,플라스틱제품 제조업,14.57,-13.49
화신,-20.41,4.91,-20.18,11.67,자동차 신품 부품 제조업,25.32,31.85
화천기공,14.65,10.58,7.62,10.63,특수 목적용 기계 제조업,-4.07,3.01
환인제약,33.34,28.6,31.85,33.42,의약품 제조업,-4.74,1.57
황금에스티,17.49,22.87,18.31,28.65,1차 비철금속 제조업,5.38,10.34
효성,110.04,9.7,3.48,40.24,기타 금융업,-100.34,36.76
효성ITX,22.45,28.21,29.29,25.81,기타 사업지원 서비스업,5.76,-3.48
후성,26.26,1.34,2.91,19.31,기초 화학물질 제조업,-24.92,16.4
휠라홀딩스,23.76,33.78,19.56,30.03,생활용품 도매업,10.02,10.47
휴비스,8.75,1.91,33.37,3.79,화학섬유 제조업,-6.84,-29.58
휴스틸,11.91,-3.91,7.68,18.66,1차 철강 제조업,-15.82,10.98
TKG휴켐스,43.83,29.52,22.74,32.05,기타 화학제품 제조업,-14.31,9.31
흥아해운,-34.17,-27.56,-47.47,20.91,해상 운송업,6.61,68.38
